latitude,longitude,acq_date,fire_occurred
27.061320415557343,82.16852325251773,2018-03-18,0
26.67543168941392,84.51355966725788,2022-04-25,0
27.510031304075223,85.35138261752478,2017-04-03,0
26.98648259799598,88.20736388528469,2021-03-22,0
27.64477,83.8159,2017-04-27,1
26.452143010559,83.37311092850777,2024-04-29,0
28.84881662578624,86.65820900814205,2021-02-12,0
26.946504591364416,87.0151011200884,2017-04-12,0
26.45912934193185,84.96685271218432,2015-05-30,0
27.75573,84.31181,2023-03-16,1
29.03452448836593,83.744729650212,2014-03-30,0
27.34418,85.45222,2021-04-15,1
27.656646076753265,82.18074689943427,2016-04-14,0
30.26133008170114,89.21119827531493,2024-04-19,0
29.82741286939133,82.341648243671,2023-11-05,0
28.29235434201305,89.19630540531482,2018-05-11,0
27.2401,85.64828,2025-04-03,1
30.462079530474565,80.79244175329568,2024-04-14,0
30.326437303336668,83.60853528858087,2024-02-11,0
28.4612,81.47442,2014-04-29,1
30.2536631400575,88.1475253035762,2018-04-05,0
27.80059,83.05064,2023-04-13,1
28.2311,81.81653,2017-03-26,1
26.4854010357165,83.13566675677019,2025-03-28,0
27.43244,85.33065,2016-04-10,1
28.7096,82.17202,2019-05-13,1
28.85892,80.9693,2024-04-19,1
30.428067487528217,88.77946885008554,2024-04-25,0
29.903620135419278,86.3415582945317,2018-03-27,0
30.376705853535334,80.26025451992797,2024-12-17,0
27.55836,84.15099,2023-03-11,1
28.96466,81.30066,2016-04-15,1
27.7489868963399,88.51886274738428,2023-04-16,0
28.36512,81.68964,2021-04-14,1
28.43989,81.27026,2018-04-26,1
28.15384,82.92086,2019-05-23,1
26.31098605615408,85.18686250827872,2016-05-03,0
27.11429318575876,80.08004320021718,2023-03-11,0
26.68581556443769,82.85597179287066,2014-03-25,0
28.02754,83.05594,2016-05-05,1
28.53763,81.96899,2021-04-14,1
28.16732,81.86118,2021-04-13,1
28.62067,82.03889,2022-04-28,1
26.43338202529312,85.77652978133439,2023-04-16,0
27.40539,86.06033,2023-03-28,1
28.46765,82.30481,2024-06-10,1
30.34414793045646,80.88765348246886,2014-05-09,0
29.79806970592665,81.33411285559575,2018-01-09,0
29.64404,80.7689,2016-04-27,1
29.44102796951706,83.60179309923268,2014-04-02,0
28.42337521364558,81.26199476073774,2024-04-25,0
28.960340252417296,89.21615409416246,2021-04-11,0
28.78757,81.46944,2021-04-07,1
29.33373745734708,86.41393227865417,2024-04-23,0
27.53048,84.47517,2024-04-04,1
27.77033,84.28666,2025-04-04,1
27.41214285585601,87.4348683477875,2024-04-22,0
29.68995,81.82931,2015-12-29,1
28.24701,81.83638,2024-04-09,1
26.853014693940555,89.20841863088606,2023-04-18,0
29.56969,82.25074,2021-04-10,1
27.92665,82.8612,2016-04-12,1
29.75667766844469,88.45049075464131,2025-04-08,0
27.91245,82.99282,2016-05-10,1
29.05082058075127,84.42582374982214,2014-05-16,0
29.177887158572585,87.18911815607838,2023-04-18,0
27.50868172842565,80.61354056293226,2016-12-17,0
26.66642004171724,87.51717368324807,2016-04-07,0
27.23166,87.27245,2025-04-02,1
27.36851468205822,87.9241368279767,2016-04-08,0
28.18268,81.97107,2023-04-18,1
26.82382,87.88761,2017-04-14,1
27.487584493091266,87.19884233005365,2021-04-12,0
27.83850618377031,81.56405496498833,2019-04-23,0
27.9804,82.02518,2024-04-20,1
29.0493,81.9015,2013-12-25,1
28.64788801936757,81.4844005235292,2014-04-23,0
27.26205,85.04117,2017-03-06,1
30.28020839061893,82.57443260818282,2023-04-16,0
27.37454,84.37818,2023-04-07,1
29.03917108353233,88.07142546717054,2024-04-22,0
27.98602,83.93082,2025-03-18,1
28.27685,81.77973,2015-06-02,1
27.68158,83.79118,2024-04-06,1
27.17536,85.76257,2024-04-04,1
27.20918969956818,88.60387052482292,2020-04-03,0
28.56485291143057,82.93683985918273,2016-05-01,0
27.698542067821474,85.78933306835823,2025-04-02,0
28.648102133458533,82.59985431155623,2014-03-29,0
27.43504,84.24084,2021-04-09,1
27.91579,82.66034,2016-04-11,1
27.88181,82.29951,2022-04-26,1
30.221236203472177,84.6833328223059,2024-04-20,0
28.83592,82.41427,2019-06-08,1
28.09111038830188,80.49649298286525,2023-04-25,0
28.7819,80.41485,2016-04-14,1
26.864240837864124,83.08948041915595,2024-05-03,0
28.81132,80.43015,2022-04-14,1
28.20605,81.88995,2023-05-15,1
28.599983696785127,83.62984727080426,2025-03-05,0
26.52241185776716,81.94655069226705,2016-04-13,0
27.92254,84.52808,2014-04-22,1
29.23782501771096,80.4189162396709,2016-03-23,0
28.88799,80.17537,2021-03-05,1
27.717983196732224,81.36533493221586,2024-04-30,0
29.420990134874927,80.83617024326564,2022-04-26,0
27.082190568413463,86.77046336868041,2016-04-08,0
27.480628847854888,81.70173501473117,2023-05-10,0
26.87993,86.50397,2023-03-29,1
26.99078789133611,88.67410590408765,2016-04-09,0
28.197120207871173,81.0699125925883,2018-05-22,0
28.51468489495215,85.54202446209513,2016-04-23,0
29.81053039967012,86.69033379996172,2020-04-05,0
27.60526235564676,87.00580677277173,2023-04-15,0
28.96269,80.75304,2016-04-26,1
27.85327,83.37337,2023-04-20,1
27.07723,86.57355,2018-05-27,1
26.857093290471607,84.72045312177997,2024-04-24,0
26.62130657481628,85.11755561082401,2017-04-28,0
26.88293,87.38201,2025-03-27,1
28.216791874410443,81.58969356703047,2025-05-08,0
29.10348,80.38068,2016-04-27,1
30.4410877277585,81.42071374166487,2021-03-27,0
29.05214,81.264,2023-04-25,1
26.58362,87.65585,2023-01-21,1
27.8215097037948,86.8727865262353,2016-04-09,0
27.075307402720767,87.5410480916439,2016-04-20,0
27.55441,85.09999,2016-04-09,1
26.87211605674282,87.68576393984226,2016-04-13,0
27.92240836945986,84.8211603682495,2024-04-20,0
28.08942994301645,80.25064645639978,2024-04-28,0
27.57086650734001,86.39997878169379,2017-04-12,0
27.74359,83.35127,2019-04-20,1
29.295223178592696,80.95246812742211,2021-05-01,0
30.0403274984468,88.12295664461121,2025-03-17,0
28.24136,81.80688,2024-04-09,1
29.48344,81.35975,2018-01-10,1
27.45556,84.88049,2024-04-05,1
26.90738,86.90639,2025-04-08,1
28.88048,81.29982,2016-04-30,1
29.04256,81.37448,2022-04-26,1
27.83473,82.81253,2023-04-18,1
27.488298165684743,85.97348106366894,2019-05-18,0
29.27549,80.69428,2025-04-24,1
27.04540381259844,80.43494894145009,2014-04-11,0
30.21800220863096,85.26446841856709,2024-04-10,0
29.607759067210196,80.75425861436112,2021-04-10,0
27.52985,84.93448,2016-03-02,1
30.42729552437272,80.62459235285738,2024-05-01,0
27.7405,85.54564,2016-04-15,1
28.303125145769087,82.57580599292415,2016-02-27,0
27.49528,86.11073,2014-04-26,1
26.51349457772984,86.91117947773813,2016-02-16,0
26.75651,88.12448,2019-03-19,1
26.46546982252863,81.97381290940417,2016-04-20,0
27.48672,84.53819,2023-04-13,1
27.91108,85.01281,2024-04-10,1
28.620789186508546,80.52642636846576,2025-04-06,0
27.74184,82.70277,2017-04-09,1
28.469226129651567,85.9488409754014,2016-04-29,0
26.627850086547504,89.41988783811044,2014-04-02,0
29.23904712721945,81.3802068478606,2019-03-18,0
28.61100786241576,84.71772050723055,2014-04-15,0
29.417141103345504,84.220783835797,2024-05-01,0
29.93604788937344,85.54620644942112,2016-02-11,0
28.585218608910846,83.31748257285696,2016-04-11,0
29.17153,80.48405,2024-04-16,1
26.359900263241464,83.43864000719098,2021-02-28,0
28.52105,81.41028,2022-04-25,1
27.27514,85.61064,2024-04-30,1
29.30117,80.56607,2019-06-05,1
27.63857,83.9141,2019-05-20,1
27.14351,85.33029,2024-04-04,1
30.36997147923993,88.68270335936661,2016-04-09,0
27.49216,85.51598,2023-01-23,1
29.10811,80.20444,2019-05-08,1
28.68749,80.73035,2017-04-20,1
28.25951,81.86824,2016-04-09,1
29.369861703239827,84.74646214134088,2021-03-03,0
26.94128180606065,87.72580296148114,2022-11-27,0
27.16148,85.26918,2023-03-07,1
30.132549928546712,80.5561805628178,2014-05-16,0
28.83829,81.05183,2021-03-26,1
27.414118164202748,85.01806475852499,2024-04-23,0
28.72269395974889,88.53923204243489,2024-05-04,0
26.72746,86.81859,2014-03-30,1
29.55005,80.68477,2021-04-03,1
27.49525,84.7188,2025-04-02,1
30.25981321505707,88.14656155238305,2016-04-09,0
30.096747185568407,83.28898590934477,2021-03-21,0
29.659644060471265,81.64145888436101,2024-04-23,0
28.90674153408205,85.77118696987057,2019-05-08,0
28.57868557325244,85.4036028793374,2024-04-24,0
26.75717,87.02283,2020-04-05,1
28.93365,80.63619,2024-04-25,1
27.47893,83.95898,2023-04-18,1
28.0709,85.19797,2022-04-16,1
29.40838,80.45134,2016-04-12,1
29.39640923744006,80.24728938444342,2024-04-08,0
26.68045,86.71467,2019-03-19,1
27.83083,82.19626,2019-05-09,1
28.38288902421843,89.0173815840878,2020-12-25,0
29.24667828692277,85.7584553787959,2021-04-08,0
28.02214868368967,88.1360702756265,2024-04-11,0
28.814981494654933,83.67388266294519,2019-05-09,0
27.486049310013705,89.05044406979157,2024-02-11,0
27.98157,81.8365,2022-04-05,1
28.036114882303625,83.42378683391284,2024-04-21,0
28.68342,82.55882,2014-04-23,1
28.797826979236365,83.41600097085575,2023-03-28,0
29.43647,80.61366,2021-04-11,1
28.17465,81.86752,2023-05-14,1
27.61659223919233,81.96256718757034,2024-04-19,0
28.47006497827809,89.47264319457909,2024-05-03,0
27.719790486658244,80.53283119003831,2016-11-26,0
27.2402,85.85069,2016-04-12,1
26.41613948013535,81.34269922236194,2023-04-17,0
28.49559,82.04156,2025-04-04,1
29.014878644456367,87.89881579064796,2024-02-12,0
28.34447673748197,84.46893021762483,2018-04-23,0
27.8188,84.27139,2016-04-25,1
27.936977363070334,83.35567450163751,2016-04-09,0
28.63389526240052,82.68162188719965,2025-04-24,0
28.14803,82.02704,2016-04-12,1
27.07344583309589,89.11305625100918,2021-01-28,0
27.40543,84.64007,2017-04-26,1
29.023302297518192,87.25806446072303,2014-04-29,0
28.79475,81.18766,2017-04-29,1
26.76582371325414,86.40217980594838,2023-04-10,0
28.122096279250396,89.34212208968928,2019-05-07,0
27.25314,84.94577,2024-04-04,1
30.043052869727877,88.14257992578074,2016-04-27,0
27.7016,84.59172,2025-04-01,1
29.532270598276536,82.82230737248025,2016-04-08,0
27.92668,82.06248,2016-04-08,1
27.80547,82.74258,2024-04-16,1
28.32039,81.52115,2017-04-16,1
26.89397252892517,85.32058133274028,2024-04-19,0
26.9703,87.65047,2018-04-02,1
27.19114,87.86903,2019-03-13,1
27.54393,83.90707,2017-04-29,1
27.61499,83.7658,2018-04-25,1
26.922062942952557,80.02058753623808,2016-04-13,0
29.07690985613619,89.18442276531582,2025-01-28,0
28.66242,81.20786,2023-04-18,1
28.75284,81.75291,2019-06-10,1
27.47162,85.22453,2016-04-24,1
27.72171,84.71613,2024-03-14,1
29.6629,80.41733,2016-04-25,1
27.61674,85.71282,2024-03-16,1
27.3289,84.96375,2023-03-07,1
28.586421018752457,87.99384152227294,2025-04-06,0
27.42452901002856,87.92903660876458,2016-04-09,0
29.66939943260571,82.21253944426758,2024-04-15,0
27.60538,84.94627,2021-04-03,1
28.10453,83.95219,2016-04-28,1
29.30885504372987,88.43614151617439,2021-02-09,0
27.241169978857094,80.36768693885774,2021-03-26,0
27.3975776490566,85.81831064423173,2019-04-03,0
27.78734,84.72974,2014-04-20,1
27.40677467808358,80.74721503073904,2014-04-27,0
29.96606,80.64689,2020-12-26,1
27.43542,85.4753,2021-04-04,1
27.41296,85.41776,2021-03-28,1
29.31293,80.49369,2016-04-15,1
30.17262898421224,86.49881618323694,2024-03-31,0
26.363666472537087,86.89893407960489,2019-05-12,0
28.53311,81.64767,2022-04-25,1
29.133424807492627,84.74548845681909,2024-03-15,0
29.05144,80.67606,2019-05-08,1
26.71777,87.03844,2020-04-01,1
27.20843,87.70361,2020-03-15,1
27.20842267581047,85.31494472305161,2021-03-17,0
27.73633,82.80749,2022-04-17,1
27.01533214778076,83.4884275200518,2015-05-24,0
29.0022,81.03857,2016-03-18,1
28.01528,84.66631,2016-03-24,1
28.915450295342115,85.27751757351082,2018-03-21,0
29.70121,82.13225,2023-02-19,1
30.316355906181503,89.06018045036512,2024-04-08,0
26.88144569959989,80.52093124535553,2024-04-21,0
30.071554947044184,84.51277668602452,2014-03-30,0
27.11461,87.68687,2023-04-05,1
29.53579,81.4445,2016-04-25,1
28.56341,81.26815,2014-05-11,1
27.60649495158537,86.52193415200753,2014-03-15,0
27.20041,86.69504,2023-05-09,1
28.25058,81.73875,2023-05-15,1
28.77737,80.17566,2016-03-21,1
28.62235361037493,86.00693286379185,2023-04-13,0
29.41545509979695,80.2178943446346,2016-04-09,0
30.264129514677045,81.50219536259303,2021-04-10,0
27.056491399453265,84.42566094367679,2025-06-20,0
28.22138,81.82083,2017-04-07,1
27.52547,85.84961,2023-04-16,1
27.74809,84.49484,2014-03-29,1
28.396021265132347,84.55271845508341,2021-03-28,0
28.19411,81.92928,2024-04-14,1
27.00499,86.57775,2019-03-22,1
28.90477,81.10786,2016-04-11,1
30.373880522516465,88.52210705005974,2014-04-10,0
28.50102,81.70057,2024-04-15,1
27.44053,84.61201,2023-04-16,1
29.21996,80.79733,2016-04-30,1
27.770052977684237,89.23416977313511,2016-03-29,0
27.746747894962414,80.3911813137878,2016-04-24,0
27.38395,84.81067,2025-04-03,1
29.403359583076583,84.35959861300118,2021-03-25,0
27.71695228305658,88.73575691694906,2025-04-26,0
27.966417849133563,87.16111176070267,2019-04-29,0
26.394162760927617,86.1440934760632,2024-03-16,0
27.56561051540869,81.07145611312113,2024-04-09,0
27.09859248197629,81.84236223635052,2016-04-14,0
30.473089399003364,83.10732029111206,2023-02-07,0
27.7228,84.62274,2021-03-22,1
29.08334,80.61056,2016-04-27,1
29.50267,80.62566,2016-04-28,1
27.419,85.66409,2023-04-09,1
27.367349183174955,83.11381805039383,2025-04-01,0
28.83702,82.39607,2021-03-02,1
29.30009,80.94696,2014-05-14,1
29.44593,81.21142,2024-01-25,1
27.76482,85.0878,2022-04-15,1
27.546086815751604,88.75268594637178,2024-12-24,0
26.615286932699203,85.96056976140375,2024-04-05,0
29.496046309197343,83.8255506791841,2016-04-09,0
27.92153,83.98051,2023-04-17,1
27.78398,83.42673,2024-04-28,1
28.958753736584217,82.90897628806279,2018-01-19,0
29.43289,80.51257,2022-04-23,1
29.54427810567289,85.85299042744685,2019-05-09,0
28.16624,84.6983,2016-04-26,1
29.210721521682743,89.41639432509538,2017-04-11,0
30.38044331426705,84.82896070478384,2021-03-22,0
29.07471,80.25987,2016-04-26,1
28.80436,80.1908,2014-04-21,1
28.68757956638357,87.72311463969189,2021-02-28,0
29.17384300041006,86.35844994403129,2019-05-14,0
27.984391233992728,88.49160074975002,2024-04-11,0
27.15852959882604,83.48718505897743,2016-04-13,0
28.13223,81.96618,2023-04-22,1
27.63965,83.93616,2019-03-22,1
27.72865,82.52129,2018-03-19,1
27.94385,82.39852,2021-04-11,1
26.696,87.87486,2021-04-06,1
28.15332,83.22159,2021-04-06,1
29.280199216682856,81.12279848253387,2018-04-24,0
27.80611387259226,80.60688200885339,2025-02-22,0
28.99947,80.82736,2021-04-25,1
30.1211851519716,84.64566324221789,2016-01-18,0
28.9159,80.1791,2021-03-17,1
29.2726,82.49811,2021-03-18,1
27.277516586344472,82.5541691303208,2023-04-18,0
29.0521,80.5388,2023-04-18,1
27.9671,84.96886,2018-03-27,1
28.08766,82.03616,2019-04-26,1
27.34752,84.55705,2020-04-09,1
28.11662,81.92583,2023-02-08,1
27.771,83.22076,2024-04-23,1
27.13254,84.78015,2016-04-24,1
28.57846,84.73711,2017-04-18,1
27.192630328866876,86.93578944385312,2021-04-26,0
29.08878,82.74637,2013-11-27,1
28.49195,83.40674,2021-04-09,1
28.90554,81.45383,2019-05-09,1
28.94735,80.99807,2021-04-02,1
26.423607372793796,80.84258649396844,2021-04-12,0
27.45909,84.39927,2021-04-01,1
27.02804,86.04242,2014-04-11,1
28.28629982547492,85.68058379278078,2016-04-25,0
28.67427,82.00336,2014-05-11,1
27.68861425619485,84.92234814816621,2023-04-15,0
27.87851,83.16579,2024-05-03,1
27.71992,84.7552,2023-03-28,1
27.73744,82.92916,2018-04-15,1
27.935571906529358,83.5302187356737,2016-04-08,0
26.71134,87.89939,2024-05-02,1
27.63627,83.71584,2017-04-09,1
27.6128333518348,80.78031255862895,2020-10-30,0
27.68014687868849,84.15411550193141,2014-03-28,0
28.37828,81.51676,2017-04-15,1
27.71768,82.76009,2024-04-06,1
28.44719947205094,86.93378529396149,2016-04-27,0
27.65091,82.95037,2019-04-18,1
27.31116,85.46049,2018-03-26,1
28.958081534666395,85.14276695810307,2016-04-07,0
30.37026635572716,87.35069100459009,2018-03-18,0
28.84702,80.21473,2014-04-30,1
29.31643495321449,87.36722452086269,2024-05-06,0
27.47284756237984,81.13224181952467,2024-04-19,0
28.49047,81.92094,2016-04-12,1
29.27,82.49622,2021-12-20,1
30.022146166843072,81.33571111851674,2014-05-01,0
28.80136,82.13645,2023-11-03,1
27.767799095857413,84.27664929895485,2022-04-24,0
26.97212,87.5394,2018-03-07,1
28.7139,81.65989,2023-05-21,1
27.88915,82.80535,2019-04-25,1
27.645240626765688,86.89545683230176,2014-03-30,0
29.356813976947457,89.02224213823955,2025-04-05,0
26.82619,87.03914,2023-03-13,1
27.81878,84.58485,2014-03-14,1
28.28413231947544,81.1388998258737,2018-03-24,0
27.740848035542182,80.50562294405124,2024-04-26,0
26.648333462442626,81.66667179162462,2015-01-22,0
30.26631500247792,88.77338210611391,2020-04-09,0
29.08462589498234,87.09994206264415,2014-04-09,0
28.81802,80.13426,2024-02-25,1
27.49762,83.97955,2014-04-09,1
27.299795375200677,83.58045035548339,2020-11-13,0
28.79821459287488,86.63595535310255,2014-04-23,0
28.937895554993027,80.64775811754403,2018-04-22,0
28.408799057778,80.75149996626544,2025-04-26,0
27.63135,85.69979,2016-04-11,1
30.35171361563016,87.12400198981811,2017-04-10,0
29.4245638670081,85.76479006118132,2024-04-12,0
29.580657806622,88.1777062931281,2023-01-16,0
29.977572436782943,88.4585705680918,2016-04-14,0
28.82508809620506,80.59390449354727,2020-04-09,0
27.24233,85.00462,2016-02-27,1
27.73599,84.69115,2021-04-14,1
28.445967050449266,86.8272920735106,2016-03-16,0
27.75725,83.00735,2023-04-13,1
27.41926795803187,81.79657541263902,2021-03-22,0
27.89947,85.13113,2022-04-15,1
26.82895,87.63509,2014-04-22,1
28.50237,82.06168,2014-04-25,1
29.6232,80.5129,2016-04-18,1
27.12906084073477,80.19317047517701,2021-05-03,0
28.03617,82.67371,2021-04-03,1
28.65732,82.69337,2016-04-27,1
28.7396,81.16064,2014-05-11,1
27.22303,85.87144,2020-04-09,1
28.01407,81.83228,2019-04-23,1
28.22426,81.8174,2015-05-24,1
27.08668,84.82793,2021-04-13,1
28.41887,81.35516,2025-03-28,1
28.10077,82.0042,2024-04-15,1
27.82224244965261,88.3902427195281,2016-03-29,0
29.84014487327252,81.46906198115158,2019-05-07,0
28.4603,81.94172,2022-04-27,1
27.911212666108405,83.93132309687445,2023-03-29,0
30.062773302450697,82.9631592234174,2019-03-22,0
30.149462157262253,83.00241557259149,2023-04-13,0
28.59678846622135,83.12084503569027,2016-04-07,0
28.115092162120504,84.0521101713767,2022-04-21,0
29.3044421024276,81.7879387954526,2021-03-27,0
27.20288,85.07663,2023-03-13,1
29.061034279114438,88.22104707198251,2024-05-05,0
30.289297075154437,81.31263280461408,2024-04-07,0
26.321506554150396,87.11561006258576,2017-04-12,0
26.993486789832065,86.8178211020397,2025-03-17,0
27.86696,82.26413,2023-04-27,1
27.6763,82.41819,2016-03-21,1
28.3512,81.59397,2019-04-26,1
30.367954421877773,82.20410379885584,2024-04-08,0
26.528722434815585,87.30086365363968,2021-03-24,0
27.03214121091136,81.06430788687734,2021-04-01,0
27.11971,86.33995,2024-04-07,1
27.456,84.65367,2016-04-12,1
27.72227,86.12998,2014-05-13,1
27.38054,84.78788,2016-04-30,1
26.800333881644683,88.37108236562378,2014-03-30,0
29.554462476947982,84.2880320265995,2014-05-12,0
27.93647,85.63439,2016-04-27,1
28.89765,80.17178,2015-05-26,1
27.34391,85.40582,2016-03-18,1
29.12358,82.49007,2016-04-30,1
27.93464293996402,84.92390384198428,2016-03-26,0
27.57612,83.13459,2024-11-30,1
27.95794,85.18513,2021-04-12,1
28.35727,82.80078,2016-04-29,1
28.449544371886518,86.82714119765846,2017-04-12,0
27.96821,82.04456,2019-04-26,1
27.33977,86.11652,2023-03-29,1
28.104454911014106,82.45188193719044,2014-03-29,0
29.317460370320983,84.55617759054421,2016-04-11,0
26.40985233778528,86.166246424115,2019-05-11,0
29.08971616976576,81.0866065885566,2019-05-06,0
28.5721886181249,82.76735286944884,2019-05-06,0
28.810374805294323,84.7906361146453,2014-03-29,0
26.75576,86.46585,2024-01-30,1
28.64948,81.57404,2016-04-30,1
28.75605,81.07884,2022-04-24,1
26.813015971647644,88.15209800929671,2023-04-13,0
27.22565,85.0667,2016-04-08,1
28.0736,82.08361,2023-04-19,1
27.92931,84.88479,2016-04-09,1
29.15845,80.69781,2024-04-05,1
29.37085,80.77207,2014-05-22,1
29.336838660071948,80.63415618650507,2022-04-26,0
30.36729817323767,82.9322901179466,2024-01-14,0
29.63467441957887,87.6970928131379,2022-12-06,0
27.99563,81.8227,2024-04-07,1
28.24824,84.20909,2025-04-04,1
28.29975,81.84545,2024-04-09,1
28.81857,80.84537,2016-04-24,1
28.60051,81.94968,2018-05-04,1
28.856444683793423,84.19225574278488,2021-04-10,0
27.12748159046251,83.23194588339987,2025-03-30,0
26.45553222303192,81.74319987660525,2025-03-05,0
28.96424,81.45436,2021-03-14,1
27.84316,84.8074,2024-03-18,1
27.77444951329404,88.87944481429159,2019-03-23,0
29.793302626892554,81.19497426535287,2021-03-23,0
30.277782515933083,83.22419861856392,2015-04-06,0
30.346788026380853,82.61885665135772,2023-04-23,0
27.11509,85.9479,2016-03-24,1
29.286456292088992,86.32436013168208,2016-04-25,0
29.05451659761531,85.47929540724543,2023-04-08,0
28.46976,81.43189,2021-04-13,1
28.959130638206663,80.65290114324335,2016-04-29,0
28.89102,80.19952,2025-03-27,1
27.55565,85.3375,2024-04-30,1
30.00498,80.72701,2021-03-28,1
28.004460725354573,82.67501830437475,2018-02-26,0
29.1953,80.34322,2024-04-28,1
27.90772,82.9526,2024-04-09,1
27.667284828133774,84.78608038510788,2021-04-22,0
26.93998,87.58685,2021-04-06,1
27.55113,84.56651,2020-03-31,1
26.301707374938395,84.8536001134145,2023-02-24,0
29.035997499076476,80.49559659946331,2018-04-27,0
26.92625,86.02531,2014-03-18,1
29.13124,81.05968,2021-03-16,1
29.087594233409,85.92786961214196,2016-04-08,0
27.083524927891283,82.87736879854012,2016-04-12,0
29.69801,81.66412,2021-04-03,1
29.11039754954489,84.46676108937513,2018-03-26,0
29.38234,80.57394,2021-04-27,1
29.19666754519685,80.61326729552505,2019-05-23,0
28.77207,81.1552,2024-05-05,1
28.137096342082643,89.33583036863467,2014-04-01,0
28.09455,83.21995,2024-04-29,1
26.654795611281983,85.86632079080721,2019-05-08,0
27.35231,85.15688,2016-04-15,1
26.93119,86.93913,2021-04-03,1
28.64075,81.3876,2019-04-28,1
29.32259051738929,86.16191711419296,2014-02-08,0
28.42228,81.54506,2014-06-06,1
27.13743,84.86881,2022-04-16,1
27.13503,87.21195,2025-04-25,1
29.15967,82.05754,2017-03-23,1
29.0568,82.97837,2024-11-23,1
28.93358,81.04414,2019-05-17,1
28.668940356796625,84.67450730447649,2014-04-22,0
26.655526455187005,82.5589675087174,2018-04-19,0
28.27905558182731,82.8293871485225,2014-04-12,0
29.478038519979748,89.11778815091492,2021-03-28,0
26.97187,86.90173,2014-04-21,1
28.42458,81.55835,2024-04-10,1
29.02411,80.37805,2019-05-12,1
26.51397942946817,80.90774276733856,2019-05-09,0
27.2769,85.59644,2016-04-26,1
29.74956389816656,84.2220766378907,2023-04-08,0
26.681228487141997,81.88901816571112,2019-04-02,0
28.06215,84.21333,2014-04-15,1
27.12164,85.88786,2021-03-22,1
28.82285,82.34456,2021-04-05,1
27.50889,83.91174,2014-04-05,1
27.04529,86.44115,2017-04-13,1
27.32243299841081,88.93917010701578,2016-04-24,0
27.99134083785713,88.31445562809228,2025-04-05,0
28.80626517094478,89.34742410675285,2019-05-09,0
27.56978,85.00951,2019-03-18,1
29.16586,80.89291,2024-04-19,1
26.57062547694177,89.26834376076155,2019-03-14,0
28.09245,82.0666,2019-04-28,1
27.10704,85.7534,2018-03-26,1
27.44913505100973,84.58900126460966,2023-04-13,0
28.49797,81.99774,2021-04-09,1
29.95288,81.81726,2022-12-26,1
29.365162769073013,81.9318934554417,2025-04-06,0
28.97672,80.71481,2016-04-26,1
27.82179,84.53626,2021-04-13,1
30.352777222599144,83.00961040973792,2024-04-19,0
27.68969,82.54223,2014-04-05,1
28.60923,81.64353,2017-04-16,1
27.94751,82.0757,2024-04-06,1
29.04300960554029,83.98859749954003,2018-04-15,0
29.64501,80.68762,2021-04-04,1
28.20223,82.27483,2024-04-29,1
30.441665949393357,88.59722966860586,2016-04-09,0
29.946091662995105,87.50842650279118,2016-04-07,0
27.13419847280629,81.03692743556098,2016-04-13,0
27.35411,84.43087,2014-04-08,1
28.206665026532324,89.34072096016264,2025-03-05,0
29.889883605921515,85.6332617082309,2023-11-19,0
27.70683,82.45626,2017-04-10,1
28.98221,81.7234,2023-04-11,1
28.3092,84.81635,2021-01-07,1
29.506299435041065,83.69031962276318,2014-04-01,0
28.28406744334592,80.68675494045763,2016-04-12,0
28.788437025446203,84.95575511529222,2024-04-01,0
26.47233500765432,85.50489179591513,2024-04-15,0
27.53515,84.82361,2021-03-21,1
28.99668,81.85762,2021-04-02,1
27.81123089861148,81.667950090669,2016-04-29,0
27.08385645302016,86.84549799195084,2021-03-26,0
28.954019392242948,83.11373711018616,2021-04-07,0
29.11141,80.64684,2016-04-29,1
27.32438,85.64342,2016-04-26,1
26.97076,85.95367,2025-03-17,1
28.94639,81.46187,2018-03-28,1
30.037450601967667,84.05814586575659,2023-04-18,0
26.73546140444733,88.16472055697629,2014-04-21,0
28.80511,80.92124,2019-05-20,1
28.92982,81.01083,2024-04-14,1
27.22153970217619,81.27297535698197,2025-04-03,0
27.41174735146884,80.99588639446812,2017-04-11,0
27.30021,85.30018,2016-03-19,1
27.9551,81.99632,2021-03-31,1
28.14445172658929,81.08340030073343,2014-04-25,0
26.361880635663777,86.17668569730625,2016-03-25,0
30.33995527760301,80.14044059246444,2023-04-17,0
28.72692755287709,89.26971553958364,2021-04-04,0
29.58547443639916,80.82962447772144,2017-04-08,0
27.67125985376621,82.65206633875204,2024-04-25,0
27.03151082627211,83.6337154699055,2016-04-13,0
28.03183,82.67451,2023-05-14,1
28.744453430782777,82.0274396289568,2016-04-26,0
26.95106,86.25352,2016-03-22,1
27.391595394685528,83.61677651409855,2014-04-25,0
28.3067,81.82499,2016-04-10,1
28.54288,83.87683,2014-12-06,1
29.141603397288087,89.10571277177016,2018-03-22,0
26.82459,86.7401,2022-04-16,1
26.82724206343832,86.88939838999927,2019-05-07,0
26.899692584061416,82.74316396118603,2017-04-17,0
29.62099769086181,86.15724345015326,2021-04-12,0
28.909311035968976,80.3152575638326,2014-10-10,0
29.05933,81.22267,2024-04-20,1
27.86054,82.25154,2016-04-08,1
28.912397698305725,88.85645038802821,2018-04-15,0
27.706791317265377,86.41430320511677,2021-03-28,0
27.29383,85.86017,2018-03-25,1
26.88869,86.71746,2021-04-11,1
26.5209499001306,88.49155784144263,2014-04-12,0
27.51377,84.07333,2025-04-06,1
28.59809332359615,83.96946545355117,2025-03-18,0
28.45928,81.3875,2018-04-24,1
27.11246,85.26775,2015-03-17,1
27.81019,84.52473,2023-03-27,1
29.840679644934877,84.35501488431535,2016-03-19,0
28.54152,80.88515,2014-04-24,1
27.77881,83.10597,2014-04-14,1
29.259451364205717,84.70351951691669,2016-04-09,0
27.257438970169588,83.27898472811128,2019-05-06,0
30.162213988502938,82.10304087259819,2021-04-01,0
27.98185187939996,87.40249168614235,2019-05-30,0
27.43637,85.11574,2021-04-13,1
29.252463849852077,84.37574491365463,2025-04-05,0
29.696627347659163,82.9914892909762,2024-02-19,0
29.13138734454611,86.37928657988891,2024-04-21,0
30.38339118138877,84.65777791054182,2015-06-09,0
27.82776896728194,84.07814085441673,2024-04-08,0
26.464463984467976,87.47091484899721,2019-04-19,0
30.167348206747437,80.24005007980216,2019-05-20,0
28.44612,83.40006,2020-03-29,1
29.50906007582077,83.31879006938514,2016-03-18,0
27.37338,84.74487,2023-04-06,1
28.04818943615816,86.50233648057886,2024-05-05,0
29.35343966753907,88.6804475142871,2014-05-20,0
28.839766462585807,85.64382896313128,2018-01-10,0
29.53495,82.34655,2020-12-22,1
28.3047,81.97731,2018-04-21,1
30.32747723949953,81.60275461114686,2016-04-23,0
26.83788,87.89368,2021-04-05,1
27.49608,84.40079,2023-04-09,1
28.63475,81.49897,2019-04-30,1
27.616681289981557,86.43775303150665,2019-05-08,0
29.825567777952717,85.80803036719365,2025-04-07,0
29.76477930932276,82.91295257486163,2021-01-29,0
28.1319160389844,88.97314936691266,2021-03-10,0
29.2776,80.42423,2019-05-28,1
27.60876,83.99054,2019-05-21,1
27.07981,85.81113,2025-03-28,1
28.9104,80.57182,2019-05-09,1
26.85746895993368,89.40136641304618,2023-04-22,0
28.70811,82.27562,2014-03-31,1
28.792389913109965,86.58913037913698,2014-04-11,0
27.798966075376168,83.51546292738377,2021-04-26,0
28.4911875249472,86.88985617945347,2025-04-01,0
28.14347,82.69781,2023-04-09,1
29.63474268765716,82.9465313651856,2021-04-05,0
28.29129,82.03207,2023-05-20,1
27.20847,85.69333,2021-03-27,1
28.434777343389356,86.90574753826817,2025-04-08,0
27.49723,84.99405,2024-04-25,1
28.39002,81.72516,2024-04-19,1
30.18813056478464,89.37398454515979,2014-04-23,0
27.641136227225797,82.50055062137636,2024-04-07,0
29.331849756712806,86.96118689997321,2021-04-05,0
26.795978880539685,88.19766580391209,2025-04-03,0
29.978531201762426,81.59462606468013,2016-04-15,0
28.95898,81.51189,2024-04-30,1
28.37191258821637,89.28392535434857,2016-04-07,0
27.42188,84.75117,2023-04-07,1
28.73622,81.19247,2024-05-02,1
26.92029,87.60278,2014-05-17,1
26.53136418861499,81.3022790612164,2024-04-29,0
28.71082390220172,83.50048459457162,2016-04-09,0
27.647056740887077,86.67649119497703,2023-04-19,0
26.747660037760586,88.1236436786048,2022-03-24,0
27.44220020597808,80.68517257848524,2024-04-04,0
27.44118,84.61874,2024-04-10,1
26.82442,86.42872,2019-03-22,1
27.71257,82.69186,2018-04-26,1
27.47111738293503,80.36681378424367,2016-04-12,0
26.45190471062296,87.95099167653551,2025-03-17,0
29.79551602179369,86.00914691620477,2021-04-04,0
30.019211277734968,82.58963180524981,2016-04-14,0
28.10708,81.93307,2021-04-01,1
29.77629,80.43201,2022-04-18,1
29.10425,80.43686,2025-05-15,1
26.50431,87.50365,2018-12-10,1
28.00909,83.62495,2023-04-18,1
27.68634752823399,85.53692764309757,2019-05-09,0
26.472451880139147,86.54653422983864,2014-05-01,0
28.09004,83.24321,2016-04-29,1
30.449719536799755,85.18879735390215,2025-04-01,0
26.92298,86.20445,2014-03-30,1
29.450749216661016,85.77376680141383,2022-04-23,0
27.88436,85.37677,2021-03-22,1
27.27665,84.89691,2018-03-20,1
27.90369,83.91209,2024-04-10,1
29.1078,81.56827,2018-05-22,1
28.75615,80.34067,2024-04-04,1
27.42713,85.63992,2020-02-10,1
27.65009,83.9828,2016-03-18,1
29.10903,81.67981,2021-02-27,1
27.29808,85.48734,2016-03-30,1
27.00069015594631,87.57306999117134,2022-12-05,0
28.964364311648108,86.07843390079246,2016-04-24,0
27.59554626889659,83.30600261021736,2016-03-21,0
26.398265024868596,88.15543223018383,2019-04-29,0
28.31024148784461,88.92236851833455,2023-04-12,0
28.31306,81.71255,2016-04-15,1
27.682712426889196,88.61473378789275,2023-03-09,0
27.23993,84.72771,2016-03-20,1
28.17769913873001,88.36366098785683,2019-05-23,0
26.920375964556424,84.43108434697562,2024-04-29,0
30.22040748190509,84.41731294998168,2016-04-22,0
29.291599679592142,83.51012712701313,2022-03-10,0
27.677,82.45534,2019-04-18,1
28.09433660371082,88.97019485059653,2023-05-08,0
26.322185042057345,88.1433915885979,2024-04-09,0
29.757348284620992,81.41176915078536,2014-02-01,0
29.856716441854683,83.73591012863925,2024-05-03,0
28.638645858250857,88.01106540528735,2016-04-24,0
27.76991367293579,89.02674651640245,2024-04-22,0
27.85596483000134,87.84894043072457,2016-04-16,0
26.663514397858133,84.01627612693905,2019-05-08,0
28.76004,81.06319,2016-03-28,1
27.31466907087662,87.22791626435807,2016-04-11,0
26.513853224773342,88.75789097487342,2022-04-05,0
27.24544,84.85722,2014-03-30,1
27.945832571910177,82.54738350612185,2017-04-26,0
27.68987,83.70311,2016-04-09,1
27.72889,82.71777,2017-03-02,1
28.50405,81.94482,2021-03-02,1
27.260175863541747,80.53226561590425,2022-04-05,0
27.74605,82.65844,2023-04-18,1
26.71944827831205,84.6769651311982,2016-04-18,0
27.82914463683616,82.82801322318736,2023-05-10,0
30.06938158983833,80.49775992547008,2014-04-28,0
26.64808,86.7812,2019-03-20,1
28.460148743679905,84.99613856195894,2014-05-17,0
27.590565632763507,82.93124372035246,2021-04-28,0
27.89116,82.14218,2019-05-19,1
26.98925630639184,82.43736578810805,2022-03-26,0
27.24268105686007,82.05548815119184,2019-04-28,0
27.91459,84.12964,2016-04-24,1
30.126239024722764,84.94053357919417,2019-04-01,0
28.53407,81.60802,2023-04-19,1
28.258667262485066,85.07093570113157,2017-03-04,0
28.86011088949673,89.14845335562552,2025-04-02,0
27.74575,85.05508,2025-04-04,1
28.46365,84.93532,2017-12-26,1
28.64621560156268,82.82115435537764,2024-04-10,0
27.60116183673599,87.36567569863577,2023-04-16,0
30.46125428559733,82.11898973686702,2019-03-25,0
28.94449,80.15707,2017-04-02,1
29.0733,82.57658,2015-12-27,1
26.91693,86.43793,2021-03-24,1
27.47069,84.35796,2023-03-10,1
28.302527670636124,82.20264201412212,2014-04-08,0
28.184755568356582,83.69323514626011,2015-05-24,0
27.66516,84.75675,2016-04-07,1
26.87578,86.44812,2022-03-26,1
29.264528157837468,82.55228097134193,2014-05-01,0
26.447960979047807,84.99291280029675,2023-04-19,0
30.35513138916409,82.9253303040942,2024-04-06,0
27.02348263100691,86.14662072504207,2019-03-07,0
27.519699248296934,85.21921208624507,2019-03-12,0
27.33500462895688,88.99945675669605,2018-03-26,0
30.19296618119814,80.8309529407161,2021-03-15,0
27.080041335604744,86.52780624933698,2021-04-07,0
27.259573526467907,82.91508077396114,2021-04-24,0
27.18468538443205,87.2759686313423,2024-03-15,0
26.499175983771533,83.74821760241669,2022-04-15,0
27.94156147195869,89.32429029892495,2016-04-09,0
28.801998775401977,85.28797074157252,2021-04-03,0
30.061242195676225,83.62727906305517,2018-04-26,0
26.84999,86.24672,2016-03-02,1
28.88497,80.15928,2015-05-29,1
27.926804640625356,81.38244635980728,2025-01-10,0
26.66659,86.72385,2017-04-10,1
26.90301230455003,81.15618852797407,2016-04-08,0
27.9429,82.57814,2014-04-27,1
30.042641563472014,88.900243645605,2018-05-19,0
29.03333,80.26943,2022-04-26,1
26.39514021260369,87.36305217502175,2024-04-26,0
27.659290008803413,80.60972950220152,2024-03-19,0
29.03548307151541,85.03936750733473,2021-03-23,0
29.624673130094447,88.13908743996393,2024-04-18,0
30.32298612962177,86.20774940587009,2024-05-01,0
30.09072603219745,87.70782725708041,2024-04-10,0
28.43705,81.35915,2023-04-18,1
30.04634263336525,88.18641849126887,2021-04-05,0
29.17757,80.28063,2021-04-03,1
27.981768494365227,87.94593294998649,2023-03-23,0
27.889780702461163,85.97414673867468,2023-04-18,0
29.12919081039053,81.14279333736647,2022-04-24,0
27.49511,83.1275,2019-04-23,1
29.560877387591876,81.50024754644991,2021-03-26,0
26.866718105628927,86.88928440218152,2020-03-09,0
27.64735,85.72327,2020-04-10,1
28.22465,81.83245,2021-03-28,1
28.478881273871146,82.51261548130107,2024-04-18,0
28.1438,85.00555,2024-01-28,1
29.16559518331712,81.7550338379563,2023-03-12,0
29.747127187172527,85.37611560944599,2021-04-01,0
28.24102,83.21531,2024-04-17,1
28.53812,81.56424,2016-04-13,1
29.65235566244252,83.25450180957824,2019-05-31,0
29.48752371262073,86.28347278325033,2016-04-16,0
26.77406875242917,85.2224611611979,2022-07-16,0
28.494339704268192,81.33565572431118,2024-12-20,0
27.69211263580476,82.33161774231382,2021-04-09,0
30.374128460757287,82.52780705427816,2025-04-02,0
29.003267585231875,88.66813440011317,2017-04-01,0
30.02293336108568,84.78346448360854,2023-04-20,0
26.96832,87.37037,2023-02-18,1
26.406438167585588,85.75719543287781,2022-04-07,0
29.428390169360668,85.88370311342857,2016-11-23,0
28.125407345633047,82.20956475868817,2021-04-11,0
27.36764,84.45566,2025-04-03,1
27.57428140052969,89.16883397388403,2021-04-01,0
28.46515,80.92274,2023-04-27,1
28.58492,83.46403,2020-11-12,1
28.695445174279605,87.11481622238736,2016-04-10,0
28.547824898006755,81.70469751496356,2020-04-08,0
27.63047,83.21659,2021-04-28,1
28.24568,83.71427,2024-04-27,1
28.40223,84.871,2017-01-19,1
28.207627544833915,88.78814816809279,2016-04-19,0
28.20864,82.0108,2017-04-01,1
27.85897,84.24216,2016-04-03,1
27.517341945709752,80.9245186790624,2021-03-31,0
29.69452,82.12251,2018-01-10,1
28.93499,80.78508,2023-05-20,1
28.55722,81.98976,2024-04-04,1
26.635277675614613,84.48304245033268,2024-05-01,0
27.81861,82.79632,2019-05-06,1
27.578201922906157,85.25213716421166,2016-04-29,0
29.62799,82.07822,2015-11-21,1
26.78658,86.89858,2016-03-19,1
27.76863,83.704,2021-01-27,1
29.19794,80.50092,2016-04-24,1
26.93723111432856,84.98288465544063,2017-04-12,0
27.7074,82.40807,2024-04-04,1
28.88247153619322,81.01558521352834,2024-04-05,0
28.245918287606,82.9669600335028,2025-04-03,0
30.099382211026832,81.65885961827381,2025-05-07,0
29.34854974445163,85.60140188162066,2024-04-20,0
27.89083,82.99132,2014-04-25,1
29.54885766875376,87.11946927770698,2023-04-11,0
29.10244,81.50206,2021-03-11,1
28.90264,80.60423,2024-05-01,1
29.46993,80.53503,2021-04-11,1
29.31486,81.44255,2016-02-03,1
27.14901,87.80476,2016-04-09,1
29.14497,81.1666,2019-05-09,1
26.331954215339437,83.20044412315721,2025-04-12,0
28.72836,80.87054,2023-05-08,1
29.53409673235316,82.51766811852391,2019-04-03,0
28.6906,82.33283,2022-04-18,1
27.06675743476508,85.00277439180013,2021-03-22,0
28.94852,81.11337,2016-04-30,1
26.918290263271004,85.18856800106083,2024-03-15,0
27.56973203994609,83.00300122242179,2016-04-09,0
30.07039105616678,84.90062902783554,2025-01-19,0
29.07191,80.16769,2018-05-10,1
28.389651020365537,88.80951188997591,2024-04-27,0
27.61072,83.69698,2017-04-09,1
29.591115283264507,89.08950183558203,2016-04-10,0
28.94852,81.11757,2021-04-04,1
28.91125,81.12972,2022-04-25,1
27.231937310743053,82.66966245967508,2018-05-07,0
26.82753645018162,88.66057539474022,2021-04-05,0
28.761635781767037,84.89284882146201,2019-04-29,0
28.7902,81.27114,2019-05-09,1
28.29152,83.84978,2021-04-12,1
28.26313,81.78493,2019-04-21,1
28.03942613610145,82.64861795011755,2021-04-27,0
27.330345700711533,80.90290493280501,2024-04-08,0
28.89473,81.30138,2022-04-26,1
26.938094876454784,86.84866597594247,2023-01-16,0
28.62239,81.30376,2021-04-16,1
28.163244265231544,82.9882152341772,2025-04-07,0
30.149106779519585,80.89898309134206,2021-03-24,0
28.03193,84.04131,2014-04-25,1
26.812240541422295,82.41160687620872,2023-03-28,0
27.5499,84.43826,2024-03-13,1
29.12628,80.94241,2025-04-02,1
28.3830331355875,86.29796492919564,2024-04-20,0
28.83084174965528,83.42912258083997,2024-03-12,0
27.60690182859618,84.3702598351015,2021-04-12,0
28.17688,83.82615,2021-04-07,1
27.93708,82.7123,2016-04-13,1
28.69222,82.77328,2014-04-11,1
26.560225744624383,82.22528820764565,2022-06-10,0
29.594813162661637,83.04260497315543,2017-04-01,0
29.19028,80.28053,2021-04-01,1
28.07696,82.11042,2019-05-07,1
29.03824,80.68936,2025-04-23,1
28.8065,80.84814,2016-04-13,1
27.48462,83.89761,2014-03-19,1
28.17439022003605,85.79436926518972,2016-04-08,0
26.82851289592294,84.42990401990339,2023-05-10,0
27.41677,85.12981,2024-04-21,1
26.857111772072773,81.90809996616204,2016-03-21,0
27.49511,83.52827,2019-04-19,1
29.29136,80.45668,2021-04-02,1
29.23414,80.45419,2022-04-26,1
29.06643196320554,89.31148484298508,2016-04-21,0
27.38616,84.73137,2021-03-28,1
28.75334,82.717,2016-04-11,1
28.25941,81.42393,2019-05-19,1
27.62750692707496,84.3522246278235,2014-04-20,0
30.48392498705981,84.5102700614434,2017-03-09,0
27.95424637269783,84.40109110145369,2016-03-28,0
28.55261890643433,80.06478456681644,2020-04-10,0
27.68097,82.52821,2016-03-28,1
26.8158323991513,89.06541763100714,2015-12-02,0
28.958635628547505,82.48854139428519,2017-03-03,0
28.61043943300133,87.7032260536773,2021-04-10,0
28.3605,81.64096,2023-06-08,1
30.21593653952186,85.2515440442039,2024-04-07,0
26.662444503813976,85.89928317951744,2024-05-01,0
26.88490327438312,85.570488002172,2014-04-26,0
29.13978572673557,85.62441439569945,2021-03-06,0
28.25413,82.01997,2024-04-13,1
26.70357054781124,81.66201562198421,2021-04-02,0
28.080193404438877,81.42979992669974,2021-02-19,0
28.19502,81.95211,2017-04-12,1
27.50484303827869,83.67353219843287,2016-04-30,0
30.269488698206,84.49284630548134,2016-04-30,0
28.61105,82.20216,2015-06-05,1
28.9016,80.14437,2025-03-28,1
26.620336513280733,84.5807493362561,2016-04-27,0
30.3300804657818,88.68951872572993,2016-01-16,0
26.74988689706688,80.33847675666172,2025-04-02,0
27.8969,82.75933,2024-04-20,1
29.03123,81.12782,2018-04-22,1
27.35625,85.74818,2016-04-29,1
29.41787,82.03557,2025-02-02,1
27.17511,87.22246,2024-04-10,1
27.284,85.34881,2024-04-09,1
27.189791979003736,84.41032549031877,2025-05-13,0
29.07028,81.50639,2024-04-10,1
27.51792,84.29238,2024-04-08,1
28.49864836306023,82.55123344564835,2016-04-25,0
29.1902,80.40347,2016-04-16,1
28.13819,83.11842,2019-05-09,1
27.71435,83.48811,2017-05-04,1
26.75783727582481,81.79704062066908,2014-05-20,0
27.22763,86.18475,2024-04-17,1
30.078043238802085,86.79753837648052,2016-04-14,0
27.42183,84.4939,2016-03-20,1
29.438444344765184,88.9180182396923,2025-03-14,0
30.24014996234121,80.88559781303087,2016-04-24,0
28.54541,81.52616,2016-04-29,1
28.12715,83.01001,2014-05-24,1
28.73954,81.98425,2019-06-17,1
26.95623,87.53519,2025-04-02,1
28.23926,82.60303,2023-06-03,1
27.51312,82.952,2022-04-22,1
28.33166,81.7694,2014-04-21,1
29.25776,80.30869,2016-03-28,1
30.145054427196808,80.9400272139137,2016-03-03,0
27.7768,82.34998,2024-04-06,1
27.31871540648716,86.02267118967741,2019-05-08,0
27.82106,84.7215,2024-04-25,1
27.01106,86.26519,2025-03-27,1
28.35599,83.58643,2018-04-24,1
29.184578931018876,83.26878737722247,2014-04-24,0
28.8883,80.2291,2023-04-18,1
29.75115,81.9157,2025-04-02,1
