latitude,longitude,acq_date,fire_occurred,temperature,humidity,wind_speed,precipitation,elevation,vpd
27.061320415557343,82.16852325251773,2018-03-18,0,25.62,16.21,2.58,0.0,100.0,2.754
26.67543168941392,84.51355966725788,2022-04-25,0,32.94,17.47,3.49,0.0,76.0,4.137
27.510031304075223,85.35138261752478,2017-04-03,0,21.53,35.35,1.83,1.8,1597.0,1.661
26.98648259799598,88.20736388528469,2021-03-22,0,19.26,34.22,1.76,0.01,1386.0,1.469
27.64477,83.8159,2017-04-27,1,31.61,22.37,2.41,0.03,352.0,3.611
26.452143010559,83.37311092850777,2024-04-29,0,35.05,15.42,3.46,0.0,80.0,4.769
28.84881662578624,86.65820900814205,2021-02-12,0,-5.94,39.42,3.21,0.0,4995.0,0.238
26.946504591364416,87.0151011200884,2017-04-12,0,24.28,21.8,1.71,0.0,874.0,2.373
26.45912934193185,84.96685271218432,2015-05-30,0,36.58,30.77,2.0,0.18,62.0,4.246
27.75573,84.31181,2023-03-16,1,17.73,44.54,1.53,0.62,391.0,1.125
29.03452448836593,83.744729650212,2014-03-30,0,-6.93,52.25,3.11,0.0,5853.0,0.173
27.34418,85.45222,2021-04-15,1,23.77,26.04,2.23,0.02,305.0,2.177
27.656646076753265,82.18074689943427,2016-04-14,0,32.38,14.86,3.12,0.01,123.0,4.136
30.26133008170114,89.21119827531493,2024-04-19,0,-0.59,39.36,5.25,0.94,4996.0,0.355
29.82741286939133,82.341648243671,2023-11-05,0,-7.03,63.06,1.91,0.0,4514.0,0.133
28.29235434201305,89.19630540531482,2018-05-11,0,-0.3,42.79,3.8,0.87,4505.0,0.342
27.2401,85.64828,2025-04-03,1,26.76,22.82,1.94,0.0,346.0,2.713
30.462079530474565,80.79244175329568,2024-04-14,0,-2.65,78.45,3.25,0.0,5111.0,0.108
30.326437303336668,83.60853528858087,2024-02-11,0,-17.15,60.21,2.5,0.0,4968.0,0.063
28.4612,81.47442,2014-04-29,1,33.19,17.94,1.83,0.0,329.0,4.172
30.2536631400575,88.1475253035762,2018-04-05,0,-3.19,49.98,3.08,0.44,5261.0,0.241
27.80059,83.05064,2023-04-13,1,24.16,31.82,2.42,0.0,940.0,2.054
28.2311,81.81653,2017-03-26,1,27.67,28.04,1.71,1.31,531.0,2.668
26.4854010357165,83.13566675677019,2025-03-28,0,32.44,15.65,4.26,0.0,77.0,4.111
27.43244,85.33065,2016-04-10,1,25.19,20.48,3.03,0.0,682.0,2.548
28.7096,82.17202,2019-05-13,1,26.26,32.48,1.61,0.31,1635.0,2.305
28.85892,80.9693,2024-04-19,1,26.27,26.64,2.01,0.0,1106.0,2.506
30.428067487528217,88.77946885008554,2024-04-25,0,-1.97,38.16,4.19,0.04,5515.0,0.327
29.90362013541928,86.3415582945317,2018-03-27,0,-8.21,36.9,2.44,0.0,5528.0,0.208
30.37670585353533,80.26025451992797,2024-12-17,0,-8.07,48.64,2.83,0.0,5055.0,0.171
27.55836,84.15099,2023-03-11,1,23.66,37.97,1.36,0.0,144.0,1.813
28.96466,81.30066,2016-04-15,1,26.25,21.76,1.81,0.0,1483.0,2.669
27.7489868963399,88.51886274738428,2023-04-16,0,8.54,64.06,1.68,3.45,3668.0,0.4
28.36512,81.68964,2021-04-14,1,26.09,19.15,1.83,0.13,308.0,2.732
28.43989,81.27026,2018-04-26,1,30.61,28.27,2.4,0.08,172.0,3.152
28.15384,82.92086,2019-05-23,1,27.47,33.06,1.76,0.51,1373.0,2.453
26.31098605615408,85.18686250827872,2016-05-03,0,33.06,39.07,2.74,0.77,59.0,3.075
27.11429318575876,80.08004320021718,2023-03-11,0,25.03,34.7,1.31,0.0,136.0,2.072
26.68581556443769,82.85597179287066,2014-03-25,0,27.25,38.49,1.42,0.02,85.0,2.225
28.02754,83.05594,2016-05-05,1,24.17,43.78,2.26,0.41,1506.0,1.695
28.53763,81.96899,2021-04-14,1,26.09,19.15,1.83,0.13,1003.0,2.732
28.16732,81.86118,2021-04-13,1,30.68,16.92,2.92,0.0,256.0,3.665
28.62067,82.03889,2022-04-28,1,26.95,27.91,1.6,0.03,1201.0,2.563
26.43338202529312,85.77652978133439,2023-04-16,0,33.69,20.88,2.73,0.0,62.0,4.136
27.40539,86.06033,2023-03-28,1,11.62,45.74,2.02,0.01,803.0,0.742
28.46765,82.30481,2024-06-10,1,,,,,1440.0,
30.34414793045646,80.88765348246886,2014-05-09,0,-1.56,68.72,2.97,0.0,5277.0,0.17
29.79806970592665,81.33411285559575,2018-01-09,0,-6.99,22.41,2.32,0.0,5131.0,0.281
29.64404,80.7689,2016-04-27,1,21.17,17.21,2.31,0.0,2673.0,2.081
29.44102796951706,83.60179309923268,2014-04-02,0,-9.16,71.55,3.98,0.0,4940.0,0.087
28.42337521364558,81.26199476073774,2024-04-25,0,31.13,17.44,2.84,0.0,164.0,3.737
28.960340252417296,89.21615409416246,2021-04-11,0,-0.26,39.12,3.62,0.06,4084.0,0.365
28.78757,81.46944,2021-04-07,1,23.61,22.74,1.44,0.35,818.0,2.252
29.33373745734708,86.41393227865417,2024-04-23,0,-3.54,51.24,5.06,0.0,5247.0,0.229
27.53048,84.47517,2024-04-04,1,30.05,24.17,2.82,0.0,224.0,3.227
27.77033,84.28666,2025-04-04,1,21.83,17.74,2.08,0.0,793.0,2.152
27.41214285585601,87.4348683477875,2024-04-22,0,13.55,40.82,2.02,0.16,2921.0,0.919
29.68995,81.82931,2015-12-29,1,4.9,33.13,1.52,0.0,2230.0,0.579
28.24701,81.83638,2024-04-09,1,28.71,18.16,2.0,0.0,985.0,3.224
26.853014693940555,89.20841863088606,2023-04-18,0,18.24,55.51,0.68,0.38,664.0,0.932
29.56969,82.25074,2021-04-10,1,-2.06,37.62,1.99,0.0,2025.0,0.328
27.92665,82.8612,2016-04-12,1,23.88,23.98,3.27,0.0,428.0,2.252
29.75667766844469,88.45049075464131,2025-04-08,0,-1.81,42.11,2.89,0.0,5467.0,0.31
27.91245,82.99282,2016-05-10,1,26.99,39.32,1.47,0.37,894.0,2.162
29.05082058075127,84.42582374982214,2014-05-16,0,-1.16,71.46,3.08,0.0,5306.0,0.16
29.177887158572585,87.18911815607838,2023-04-18,0,2.48,50.18,3.27,0.0,4852.0,0.364
27.50868172842565,80.61354056293226,2016-12-17,0,15.23,42.36,1.49,0.0,137.0,0.998
26.66642004171724,87.51717368324807,2016-04-07,0,31.9,25.99,3.14,0.0,175.0,3.499
27.23166,87.27245,2025-04-02,1,21.96,37.44,1.64,0.0,750.0,1.65
27.36851468205822,87.9241368279767,2016-04-08,0,6.07,55.57,2.54,0.56,1709.0,0.417
28.18268,81.97107,2023-04-18,1,32.12,27.94,2.27,0.0,795.0,3.45
26.82382,87.88761,2017-04-14,1,21.7,49.17,1.51,0.79,442.0,1.32
27.487584493091266,87.19884233005365,2021-04-12,0,10.99,33.64,1.93,0.02,1151.0,0.871
27.83850618377031,81.56405496498833,2019-04-23,0,28.79,40.8,2.03,0.47,131.0,2.343
27.9804,82.02518,2024-04-20,1,32.24,18.28,3.53,0.0,270.0,3.939
29.0493,81.9015,2013-12-25,1,6.09,44.75,1.29,0.0,3375.0,0.52
28.64788801936757,81.4844005235292,2014-04-23,0,28.77,30.46,2.43,0.0,779.0,2.749
27.26205,85.04117,2017-03-06,1,19.44,25.08,1.75,0.0,274.0,1.692
30.28020839061893,82.57443260818282,2023-04-16,0,-3.51,68.27,4.29,0.0,4983.0,0.15
27.37454,84.37818,2023-04-07,1,26.75,29.68,1.69,0.04,561.0,2.471
29.03917108353233,88.07142546717054,2024-04-22,0,2.88,24.87,4.42,0.07,4671.0,0.564
27.98602,83.93082,2025-03-18,1,18.88,33.54,1.94,0.0,951.0,1.449
28.27685,81.77973,2015-06-02,1,27.64,34.86,1.43,1.83,583.0,2.411
27.68158,83.79118,2024-04-06,1,29.91,22.14,3.02,0.0,353.0,3.287
27.17536,85.76257,2024-04-04,1,29.32,26.71,2.71,0.0,502.0,2.99
27.20918969956818,88.60387052482292,2020-04-03,0,18.94,46.46,1.24,0.12,962.0,1.172
28.56485291143057,82.93683985918273,2016-05-01,0,13.0,35.07,2.06,0.0,2853.0,0.973
27.698542067821474,85.78933306835823,2025-04-02,0,21.12,29.1,1.57,0.0,1545.0,1.776
28.648102133458533,82.59985431155623,2014-03-29,0,16.49,45.48,2.6,0.0,2113.0,1.023
27.43504,84.24084,2021-04-09,1,29.74,13.49,2.2,0.01,349.0,3.616
27.91579,82.66034,2016-04-11,1,29.21,19.95,3.81,0.0,597.0,3.246
27.88181,82.29951,2022-04-26,1,28.75,25.35,3.16,0.0,388.0,2.947
30.221236203472177,84.6833328223059,2024-04-20,0,-4.31,59.18,5.32,0.0,5501.0,0.181
28.83592,82.41427,2019-06-08,1,12.87,63.39,1.7,0.67,1857.0,0.544
28.09111038830188,80.49649298286525,2023-04-25,0,27.04,41.6,1.36,0.0,177.0,2.087
28.7819,80.41485,2016-04-14,1,,,,,204.0,
26.864240837864124,83.08948041915595,2024-05-03,0,31.52,11.71,2.65,0.0,76.0,4.085
28.81132,80.43015,2022-04-14,1,26.38,30.23,1.42,3.03,215.0,2.398
28.20605,81.88995,2023-05-15,1,31.63,31.48,2.09,2.08,702.0,3.19
28.599983696785127,83.62984727080426,2025-03-05,0,3.06,51.87,1.61,0.0,2927.0,0.366
26.52241185776716,81.94655069226705,2016-04-13,0,32.7,15.25,4.18,0.0,104.0,4.192
27.92254,84.52808,2014-04-22,1,23.97,25.03,2.01,0.0,422.0,2.233
29.23782501771096,80.4189162396709,2016-03-23,0,22.76,25.06,1.41,0.0,2003.0,2.075
28.88799,80.17537,2021-03-05,1,23.37,17.84,3.26,0.0,207.0,2.36
27.717983196732224,81.36533493221586,2024-04-30,0,33.78,15.56,4.23,0.0,122.0,4.437
29.420990134874927,80.83617024326564,2022-04-26,0,21.14,31.49,2.15,0.02,1488.0,1.719
27.082190568413463,86.77046336868041,2016-04-08,0,26.58,29.68,3.73,0.02,1386.0,2.446
27.480628847854888,81.70173501473117,2023-05-10,0,30.11,25.45,2.97,0.0,119.0,3.183
26.87993,86.50397,2023-03-29,1,23.6,29.72,1.84,0.0,666.0,2.047
26.99078789133611,88.67410590408765,2016-04-09,0,24.53,29.79,1.96,0.11,805.0,2.163
28.197120207871173,81.0699125925883,2018-05-22,0,34.81,23.82,1.72,0.0,133.0,4.239
28.51468489495215,85.54202446209513,2016-04-23,0,-3.03,72.76,5.73,0.23,4868.0,0.133
29.81053039967012,86.69033379996172,2020-04-05,0,-7.99,54.09,3.93,0.0,5318.0,0.154
27.60526235564676,87.00580677277173,2023-04-15,0,12.4,49.52,1.74,0.02,3857.0,0.727
28.96269,80.75304,2016-04-26,1,28.02,12.47,1.61,0.0,1389.0,3.312
27.85327,83.37337,2023-04-20,1,25.61,34.78,2.99,0.02,1418.0,2.142
27.07723,86.57355,2018-05-27,1,26.29,65.7,1.71,3.93,1388.0,1.173
26.857093290471607,84.72045312177997,2024-04-24,0,32.12,18.66,3.59,0.0,74.0,3.894
26.62130657481628,85.11755561082401,2017-04-28,0,34.1,17.74,2.81,0.0,67.0,4.4
26.88293,87.38201,2025-03-27,1,21.51,45.96,1.74,0.0,1749.0,1.387
28.216791874410443,81.58969356703047,2025-05-08,0,31.98,36.47,1.77,0.1,161.0,3.017
29.10348,80.38068,2016-04-27,1,28.08,13.16,1.79,0.0,734.0,3.298
30.4410877277585,81.42071374166487,2021-03-27,0,-4.09,42.8,2.55,0.0,5699.0,0.258
29.05214,81.264,2023-04-25,1,19.65,47.12,1.39,0.01,1051.0,1.21
26.58362,87.65585,2023-01-21,1,16.54,49.27,1.5,0.0,99.0,0.955
27.8215097037948,86.8727865262353,2016-04-09,0,-3.75,63.39,3.0,0.0,5323.0,0.169
27.075307402720767,87.5410480916439,2016-04-20,0,27.62,34.77,1.85,1.96,444.0,2.412
27.55441,85.09999,2016-04-09,1,28.16,20.07,3.02,0.0,1362.0,3.05
26.87211605674282,87.68576393984226,2016-04-13,0,25.54,21.27,2.95,0.01,1560.0,2.575
27.92240836945986,84.8211603682495,2024-04-20,0,20.45,29.48,2.49,0.0,1129.0,1.695
28.08942994301645,80.25064645639978,2024-04-28,0,32.98,20.56,2.51,2.37,162.0,3.991
27.57086650734001,86.39997878169379,2017-04-12,0,15.12,28.54,1.7,0.0,2036.0,1.228
27.74359,83.35127,2019-04-20,1,28.78,30.67,2.23,0.0,630.0,2.742
29.295223178592696,80.95246812742211,2021-05-01,0,15.03,49.82,1.93,0.59,1202.0,0.857
30.0403274984468,88.12295664461121,2025-03-17,0,-7.78,48.43,6.1,0.0,4913.0,0.175
28.24136,81.80688,2024-04-09,1,28.71,18.16,2.0,0.0,486.0,3.224
29.48344,81.35975,2018-01-10,1,6.92,18.98,1.43,0.0,2351.0,0.807
27.45556,84.88049,2024-04-05,1,26.79,28.94,2.06,0.0,447.0,2.502
26.90738,86.90639,2025-04-08,1,24.0,52.68,1.66,0.92,417.0,1.412
28.88048,81.29982,2016-04-30,1,26.2,14.99,1.49,0.0,1309.0,2.892
29.04256,81.37448,2022-04-26,1,26.16,25.0,1.91,0.09,1183.0,2.545
27.83473,82.81253,2023-04-18,1,26.0,32.79,2.79,0.0,594.0,2.259
27.488298165684743,85.97348106366894,2019-05-18,0,18.02,45.82,2.54,2.33,1802.0,1.12
29.27549,80.69428,2025-04-24,1,20.36,23.64,2.0,0.0,1547.0,1.826
27.04540381259844,80.43494894145009,2014-04-11,0,28.66,17.79,2.72,0.0,133.0,3.229
30.21800220863096,85.26446841856709,2024-04-10,0,-10.11,66.56,2.44,0.0,6062.0,0.095
29.6077590672102,80.75425861436112,2021-04-10,0,18.53,13.98,1.9,0.0,1612.0,1.835
27.52985,84.93448,2016-03-02,1,20.74,31.18,1.6,0.42,950.0,1.684
30.42729552437272,80.62459235285738,2024-05-01,0,-6.13,55.6,5.79,0.05,4738.0,0.172
27.7405,85.54564,2016-04-15,1,25.59,23.72,1.92,0.03,1229.0,2.503
28.303125145769087,82.57580599292415,2016-02-27,0,11.08,30.32,1.65,0.0,1029.0,0.92
27.49528,86.11073,2014-04-26,1,17.84,36.8,1.86,0.0,837.0,1.291
26.51349457772984,86.91117947773813,2016-02-16,0,22.86,29.76,2.95,0.0,76.0,1.957
26.75651,88.12448,2019-03-19,1,15.99,45.7,1.49,2.23,356.0,0.987
26.46546982252863,81.97381290940417,2016-04-20,0,35.42,15.86,4.38,0.0,103.0,4.842
27.48672,84.53819,2023-04-13,1,29.56,27.75,1.7,0.0,529.0,2.989
27.91108,85.01281,2024-04-10,1,15.8,29.33,1.85,0.13,1382.0,1.269
28.620789186508546,80.52642636846576,2025-04-06,0,30.27,16.43,1.26,0.0,175.0,3.601
27.74184,82.70277,2017-04-09,1,29.16,12.28,4.1,0.13,413.0,3.546
28.469226129651567,85.9488409754014,2016-04-29,0,-4.94,56.17,4.1,0.0,5092.0,0.185
26.627850086547504,89.41988783811044,2014-04-02,0,27.3,20.02,1.37,0.03,83.0,2.902
29.23904712721945,81.3802068478606,2019-03-18,0,15.61,52.96,1.33,0.06,2812.0,0.834
28.61100786241576,84.71772050723055,2014-04-15,0,-0.25,77.54,1.56,0.0,5107.0,0.135
29.417141103345504,84.220783835797,2024-05-01,0,-3.8,54.62,6.05,0.0,5084.0,0.209
29.93604788937344,85.54620644942112,2016-02-11,0,-16.95,65.76,8.32,0.0,5713.0,0.055
28.585218608910846,83.31748257285696,2016-04-11,0,11.61,44.28,2.61,0.0,3011.0,0.762
29.17153,80.48405,2024-04-16,1,26.28,36.85,1.57,0.0,1324.0,2.158
26.359900263241464,83.43864000719098,2021-02-28,0,26.5,29.89,3.37,0.0,78.0,2.427
28.52105,81.41028,2022-04-25,1,30.66,22.63,2.14,0.0,395.0,3.409
27.27514,85.61064,2024-04-30,1,26.64,22.96,2.9,0.0,371.0,2.689
29.30117,80.56607,2019-06-05,1,24.86,38.56,2.21,0.01,1639.0,1.93
27.63857,83.9141,2019-05-20,1,32.89,35.53,1.24,0.68,377.0,3.223
27.14351,85.33029,2024-04-04,1,29.32,26.71,2.71,0.0,163.0,2.99
30.36997147923993,88.68270335936661,2016-04-09,0,-2.1,27.34,4.97,0.0,5526.0,0.38
27.49216,85.51598,2023-01-23,1,13.46,39.7,1.9,0.0,2357.0,0.931
29.10811,80.20444,2019-05-08,1,32.97,15.24,3.27,0.0,515.0,4.256
28.68749,80.73035,2017-04-20,1,34.64,14.49,1.53,0.0,187.0,4.713
28.25951,81.86824,2016-04-09,1,24.77,23.22,1.9,0.0,701.0,2.399
29.369861703239827,84.74646214134088,2021-03-03,0,-7.8,44.04,4.45,0.0,4701.0,0.19
26.94128180606065,87.72580296148114,2022-11-27,0,16.75,75.03,1.06,0.0,1326.0,0.476
27.16148,85.26918,2023-03-07,1,24.22,32.69,2.33,0.0,172.0,2.035
30.132549928546712,80.5561805628178,2014-05-16,0,9.2,55.93,2.16,0.0,4977.0,0.513
28.83829,81.05183,2021-03-26,1,19.91,24.71,1.64,0.0,649.0,1.751
27.414118164202748,85.01806475852499,2024-04-23,0,28.44,22.24,2.77,0.0,454.0,3.015
28.72269395974889,88.53923204243489,2024-05-04,0,0.59,55.43,3.3,0.18,5333.0,0.284
26.72746,86.81859,2014-03-30,1,30.09,24.78,4.77,0.0,218.0,3.208
29.55005,80.68477,2021-04-03,1,14.74,12.39,1.97,0.0,2293.0,1.469
27.49525,84.7188,2025-04-02,1,25.31,20.11,1.64,0.0,396.0,2.578
30.25981321505707,88.14656155238305,2016-04-09,0,-2.76,29.19,5.4,0.0,5356.0,0.353
30.096747185568407,83.28898590934477,2021-03-21,0,-6.46,60.07,1.97,0.01,4590.0,0.15
29.659644060471265,81.64145888436101,2024-04-23,0,10.32,50.82,1.88,0.0,3038.0,0.617
28.90674153408205,85.77118696987057,2019-05-08,0,-0.95,58.53,4.19,0.0,5644.0,0.236
28.57868557325244,85.4036028793374,2024-04-24,0,-3.52,71.93,3.5,0.0,5411.0,0.132
26.75717,87.02283,2020-04-05,1,22.35,34.28,2.09,0.0,167.0,1.775
28.93365,80.63619,2024-04-25,1,27.03,20.55,1.75,0.0,1451.0,2.838
27.47893,83.95898,2023-04-18,1,32.53,26.13,2.92,0.0,219.0,3.619
28.0709,85.19797,2022-04-16,1,17.51,33.98,1.94,0.19,1573.0,1.321
29.40838,80.45134,2016-04-12,1,,,,,1450.0,
29.39640923744006,80.24728938444342,2024-04-08,0,19.96,23.22,1.92,0.0,928.0,1.791
26.68045,86.71467,2019-03-19,1,24.81,29.65,2.06,0.23,212.0,2.203
27.83083,82.19626,2019-05-09,1,29.88,18.59,3.63,0.0,222.0,3.431
28.38288902421843,89.0173815840878,2020-12-25,0,-12.74,38.38,4.14,0.0,5060.0,0.141
29.24667828692277,85.7584553787959,2021-04-08,0,-5.02,53.56,4.39,0.0,4604.0,0.195
28.02214868368967,88.1360702756265,2024-04-11,0,-5.05,76.23,3.12,1.84,6045.0,0.1
28.814981494654933,83.67388266294519,2019-05-09,0,-1.09,61.0,2.22,0.0,4098.0,0.22
27.486049310013705,89.05044406979157,2024-02-11,0,0.18,55.52,1.35,0.0,3975.0,0.275
27.98157,81.8365,2022-04-05,1,29.43,24.1,2.04,0.0,369.0,3.117
28.036114882303625,83.42378683391284,2024-04-21,0,24.9,24.52,3.46,0.0,807.0,2.377
28.68342,82.55882,2014-04-23,1,18.01,38.09,2.12,0.0,1913.0,1.279
28.797826979236365,83.41600097085575,2023-03-28,0,-6.67,72.72,1.84,0.41,4419.0,0.101
29.43647,80.61366,2021-04-11,1,18.63,16.48,2.07,0.0,1916.0,1.793
28.17465,81.86752,2023-05-14,1,32.33,28.73,2.05,0.56,325.0,3.452
27.61659223919233,81.96256718757034,2024-04-19,0,34.0,20.77,4.19,0.0,116.0,4.214
28.47006497827809,89.47264319457909,2024-05-03,0,-0.78,42.25,2.78,0.0,5148.0,0.333
27.719790486658244,80.53283119003831,2016-11-26,0,17.55,52.05,0.84,0.0,147.0,0.962
27.2402,85.85069,2016-04-12,1,31.92,16.39,4.06,0.0,552.0,3.958
26.41613948013535,81.34269922236194,2023-04-17,0,33.56,22.11,2.34,0.0,117.0,4.043
28.49559,82.04156,2025-04-04,1,21.57,23.34,2.25,0.0,1086.0,1.974
29.014878644456367,87.89881579064796,2024-02-12,0,-7.08,38.1,2.44,0.0,4106.0,0.222
28.34447673748197,84.46893021762483,2018-04-23,0,4.32,60.89,1.78,0.0,1918.0,0.325
27.8188,84.27139,2016-04-25,1,25.25,12.51,2.08,0.0,479.0,2.813
27.936977363070334,83.35567450163751,2016-04-09,0,24.25,20.11,2.7,0.0,1033.0,2.42
28.63389526240052,82.68162188719965,2025-04-24,0,18.79,27.58,2.32,0.0,2849.0,1.571
28.14803,82.02704,2016-04-12,1,29.74,20.36,3.64,0.0,676.0,3.329
27.07344583309589,89.11305625100918,2021-01-28,0,8.03,51.88,0.53,0.0,2587.0,0.517
27.40543,84.64007,2017-04-26,1,30.33,28.58,2.68,0.03,428.0,3.088
29.023302297518192,87.25806446072303,2014-04-29,0,2.15,23.55,1.34,0.07,5766.0,0.545
28.79475,81.18766,2017-04-29,1,25.55,25.57,1.57,0.92,416.0,2.436
26.76582371325414,86.40217980594838,2023-04-10,0,25.42,25.11,2.86,0.0,143.0,2.432
28.1220962792504,89.34212208968928,2019-05-07,0,1.24,69.69,2.65,1.54,4472.0,0.203
27.25314,84.94577,2024-04-04,1,26.79,27.62,2.54,0.0,266.0,2.549
30.04305286972788,88.14257992578074,2016-04-27,0,-1.25,28.53,4.63,0.0,4939.0,0.398
27.7016,84.59172,2025-04-01,1,28.13,13.99,1.65,0.0,451.0,3.276
29.532270598276536,82.82230737248025,2016-04-08,0,-6.25,69.19,3.71,0.0,4564.0,0.118
27.92668,82.06248,2016-04-08,1,30.61,22.69,2.23,0.01,263.0,3.397
27.80547,82.74258,2024-04-16,1,26.71,35.64,3.1,0.0,333.0,2.256
28.32039,81.52115,2017-04-16,1,31.85,21.11,2.1,0.0,210.0,3.719
26.89397252892517,85.32058133274028,2024-04-19,0,30.94,23.07,1.97,0.0,86.0,3.444
26.9703,87.65047,2018-04-02,1,21.83,43.71,1.1,0.2,1621.0,1.473
27.19114,87.86903,2019-03-13,1,19.09,28.05,1.62,0.0,1186.0,1.59
27.54393,83.90707,2017-04-29,1,32.35,25.04,1.82,1.87,247.0,3.635
27.61499,83.7658,2018-04-25,1,29.8,25.53,1.64,0.0,523.0,3.124
26.92206294295256,80.02058753623808,2016-04-13,0,31.71,17.12,4.11,0.0,141.0,3.877
29.07690985613619,89.18442276531582,2025-01-28,0,-2.62,20.07,2.54,0.0,4050.0,0.403
28.66242,81.20786,2023-04-18,1,32.34,27.08,2.07,0.0,478.0,3.534
28.75284,81.75291,2019-06-10,1,19.75,51.21,1.76,0.2,2017.0,1.123
27.47162,85.22453,2016-04-24,1,28.29,14.99,2.64,0.0,1642.0,3.268
27.72171,84.71613,2024-03-14,1,21.3,30.65,2.13,0.0,1451.0,1.757
29.6629,80.41733,2016-04-25,1,20.54,16.58,2.01,0.0,784.0,2.017
27.61674,85.71282,2024-03-16,1,17.79,31.11,1.97,0.01,860.0,1.403
27.3289,84.96375,2023-03-07,1,21.33,34.84,1.94,0.01,498.0,1.654
28.586421018752457,87.99384152227294,2025-04-06,0,-1.91,39.4,2.18,0.17,4445.0,0.322
27.42452901002856,87.92903660876458,2016-04-09,0,6.08,49.61,2.19,0.09,2896.0,0.474
29.66939943260571,82.21253944426758,2024-04-15,0,1.13,74.58,1.92,0.0,4444.0,0.169
27.60538,84.94627,2021-04-03,1,22.49,16.0,2.05,0.0,948.0,2.288
28.10453,83.95219,2016-04-28,1,26.31,13.25,2.18,0.0,1148.0,2.97
29.30885504372987,88.43614151617439,2021-02-09,0,-5.77,22.37,1.85,0.0,4038.0,0.308
27.24116997885709,80.36768693885774,2021-03-26,0,26.11,20.98,2.92,0.0,134.0,2.674
27.3975776490566,85.81831064423173,2019-04-03,0,20.29,37.62,1.96,0.02,1168.0,1.485
27.78734,84.72974,2014-04-20,1,17.76,37.33,1.9,0.0,665.0,1.274
27.40677467808358,80.74721503073904,2014-04-27,0,34.21,18.43,2.87,0.0,130.0,4.39
29.96606,80.64689,2020-12-26,1,-0.15,20.46,1.14,0.0,2105.0,0.481
27.43542,85.4753,2021-04-04,1,19.63,17.19,1.92,0.0,1004.0,1.892
27.41296,85.41776,2021-03-28,1,20.99,30.23,1.74,0.0,493.0,1.734
29.31293,80.49369,2016-04-15,1,22.09,25.12,2.05,0.0,945.0,1.991
30.17262898421224,86.49881618323694,2024-03-31,0,-5.27,45.32,6.09,0.01,4886.0,0.226
26.363666472537087,86.89893407960489,2019-05-12,0,32.35,39.62,1.66,1.43,68.0,2.928
28.53311,81.64767,2022-04-25,1,25.36,26.19,1.99,0.0,824.0,2.389
29.133424807492627,84.74548845681909,2024-03-15,0,-8.3,69.34,3.35,0.0,5196.0,0.1
29.05144,80.67606,2019-05-08,1,29.17,18.42,1.96,0.0,1601.0,3.3
26.71777,87.03844,2020-04-01,1,26.81,39.93,1.73,0.55,95.0,2.118
27.20843,87.70361,2020-03-15,1,16.32,65.65,1.49,0.41,1015.0,0.637
27.20842267581047,85.31494472305161,2021-03-17,0,25.76,21.85,1.9,0.0,507.0,2.59
27.73633,82.80749,2022-04-17,1,32.13,18.29,2.71,0.01,330.0,3.914
27.01533214778076,83.4884275200518,2015-05-24,0,35.58,25.24,1.7,0.3,87.0,4.34
29.0022,81.03857,2016-03-18,1,18.69,43.04,1.36,0.0,1048.0,1.228
28.01528,84.66631,2016-03-24,1,21.25,18.06,1.99,0.0,825.0,2.069
28.915450295342115,85.27751757351082,2018-03-21,0,-6.73,67.49,2.89,0.0,4548.0,0.12
29.70121,82.13225,2023-02-19,1,7.97,50.56,1.55,0.0,3421.0,0.529
30.316355906181503,89.06018045036512,2024-04-08,0,-2.77,32.15,5.17,0.01,5143.0,0.338
26.88144569959989,80.52093124535553,2024-04-21,0,31.83,20.74,2.6,0.0,135.0,3.733
30.071554947044184,84.51277668602452,2014-03-30,0,-10.25,72.33,5.67,0.0,5071.0,0.078
27.11461,87.68687,2023-04-05,1,21.26,45.91,1.63,1.97,719.0,1.367
29.53579,81.4445,2016-04-25,1,14.92,22.02,2.09,0.0,2157.0,1.323
28.56341,81.26815,2014-05-11,1,33.69,19.98,2.51,0.02,200.0,4.184
27.60649495158537,86.52193415200753,2014-03-15,0,12.67,42.41,1.67,0.0,3357.0,0.844
27.20041,86.69504,2023-05-09,1,26.18,31.74,2.86,0.72,854.0,2.319
28.25058,81.73875,2023-05-15,1,25.25,41.3,1.98,5.32,208.0,1.887
28.77737,80.17566,2016-03-21,1,23.86,28.0,3.59,0.0,179.0,2.13
28.62235361037493,86.00693286379185,2023-04-13,0,-4.13,67.17,3.02,0.0,4840.0,0.148
29.41545509979695,80.2178943446346,2016-04-09,0,21.68,29.19,2.02,0.0,1254.0,1.836
30.264129514677045,81.50219536259303,2021-04-10,0,-6.73,44.96,3.66,0.0,5243.0,0.203
27.056491399453265,84.42566094367679,2025-06-20,0,31.56,62.89,1.73,4.92,82.0,1.721
28.22138,81.82083,2017-04-07,1,30.96,34.42,2.38,2.37,388.0,2.94
27.52547,85.84961,2023-04-16,1,25.06,31.68,1.96,0.0,1503.0,2.172
27.74809,84.49484,2014-03-29,1,28.68,32.45,3.47,0.0,391.0,2.656
28.396021265132347,84.55271845508341,2021-03-28,0,3.21,63.86,1.74,0.01,4140.0,0.278
28.19411,81.92928,2024-04-14,1,30.97,25.08,1.31,0.04,507.0,3.36
27.00499,86.57775,2019-03-22,1,22.16,29.86,2.78,0.07,1365.0,1.873
28.90477,81.10786,2016-04-11,1,25.33,25.28,1.85,0.0,756.0,2.414
30.373880522516465,88.52210705005974,2014-04-10,0,-3.33,26.51,5.52,0.0,4833.0,0.351
28.50102,81.70057,2024-04-15,1,23.48,37.72,1.93,0.0,660.0,1.801
27.44053,84.61201,2023-04-16,1,31.39,26.92,1.86,0.0,546.0,3.357
29.21996,80.79733,2016-04-30,1,28.71,14.68,1.27,0.0,1683.0,3.361
27.77005297768424,89.23416977313511,2016-03-29,0,-1.47,64.56,2.79,0.89,4952.0,0.194
27.74674789496241,80.3911813137878,2016-04-24,0,32.22,8.13,3.56,0.0,147.0,4.423
27.38395,84.81067,2025-04-03,1,24.66,19.48,1.72,0.0,363.0,2.499
29.403359583076583,84.35959861300118,2021-03-25,0,-8.45,61.31,3.62,0.22,5303.0,0.125
27.71695228305658,88.73575691694906,2025-04-26,0,8.04,59.86,1.82,1.4,3945.0,0.432
27.966417849133563,87.16111176070267,2019-04-29,0,-0.8,68.92,2.48,0.82,5443.0,0.179
26.394162760927617,86.1440934760632,2024-03-16,0,25.75,26.58,2.56,0.01,69.0,2.432
27.56561051540869,81.07145611312113,2024-04-09,0,30.69,13.7,1.73,0.0,121.0,3.809
27.09859248197629,81.84236223635052,2016-04-14,0,32.95,14.96,3.23,0.0,105.0,4.266
30.473089399003364,83.10732029111206,2023-02-07,0,-15.96,80.37,4.09,0.0,5630.0,0.035
27.7228,84.62274,2021-03-22,1,27.26,21.57,2.0,0.0,743.0,2.839
29.08334,80.61056,2016-04-27,1,28.08,13.16,1.79,0.0,1514.0,3.298
29.50267,80.62566,2016-04-28,1,21.72,17.27,2.17,0.0,2149.0,2.15
27.419,85.66409,2023-04-09,1,21.41,31.31,1.99,0.0,1271.0,1.752
27.367349183174955,83.11381805039383,2025-04-01,0,28.71,11.42,2.54,0.0,87.0,3.489
28.83702,82.39607,2021-03-02,1,3.68,35.46,1.67,0.0,984.0,0.513
29.30009,80.94696,2014-05-14,1,13.94,51.62,1.95,0.0,1600.0,0.77
29.44593,81.21142,2024-01-25,1,0.92,54.22,1.59,0.0,2263.0,0.299
27.76482,85.0878,2022-04-15,1,17.8,37.9,1.76,0.18,1138.0,1.266
27.546086815751604,88.75268594637178,2024-12-24,0,1.28,70.13,0.96,0.0,4026.0,0.2
26.615286932699203,85.96056976140375,2024-04-05,0,29.41,28.2,2.77,0.0,68.0,2.945
29.496046309197343,83.8255506791841,2016-04-09,0,-6.59,67.67,4.26,0.0,5017.0,0.121
27.92153,83.98051,2023-04-17,1,24.72,35.3,2.06,0.0,757.0,2.016
27.78398,83.42673,2024-04-28,1,26.44,23.69,3.22,0.01,770.0,2.633
28.958753736584217,82.90897628806279,2018-01-19,0,-6.46,27.98,2.08,0.0,2864.0,0.271
29.43289,80.51257,2022-04-23,1,19.8,30.85,2.08,0.0,1447.0,1.597
29.54427810567289,85.85299042744685,2019-05-09,0,-1.11,53.63,4.08,0.0,5203.0,0.261
28.16624,84.6983,2016-04-26,1,20.03,15.58,1.82,0.0,1088.0,1.978
29.210721521682743,89.41639432509538,2017-04-11,0,0.19,21.28,2.93,0.0,4885.0,0.488
30.38044331426705,84.82896070478384,2021-03-22,0,-8.46,56.4,3.37,0.0,5625.0,0.141
29.07471,80.25987,2016-04-26,1,31.06,11.51,2.77,0.0,749.0,3.989
28.80436,80.1908,2014-04-21,1,27.31,28.31,2.51,0.0,180.0,2.603
28.68757956638357,87.72311463969189,2021-02-28,0,-4.89,51.22,3.51,2.08,4834.0,0.207
29.17384300041006,86.35844994403129,2019-05-14,0,0.16,58.76,2.9,0.26,5754.0,0.255
27.984391233992728,88.49160074975002,2024-04-11,0,-3.74,76.01,2.76,2.48,5284.0,0.111
27.15852959882604,83.48718505897743,2016-04-13,0,32.62,14.83,5.03,0.0,103.0,4.194
28.13223,81.96618,2023-04-22,1,28.43,34.38,2.14,0.05,780.0,2.543
27.63965,83.93616,2019-03-22,1,25.73,32.1,2.69,0.03,304.0,2.246
27.72865,82.52129,2018-03-19,1,27.27,14.62,1.49,0.0,586.0,3.093
27.94385,82.39852,2021-04-11,1,25.62,11.74,2.44,0.0,536.0,2.901
26.696,87.87486,2021-04-06,1,27.87,24.21,1.63,0.0,255.0,2.843
28.15332,83.22159,2021-04-06,1,23.65,15.78,1.85,0.0,1341.0,2.461
29.280199216682856,81.12279848253387,2018-04-24,0,13.72,36.95,1.95,0.09,1465.0,0.99
27.80611387259226,80.60688200885339,2025-02-22,0,20.58,44.76,2.01,0.0,147.0,1.339
28.99947,80.82736,2021-04-25,1,25.22,32.31,1.2,0.0,1568.0,2.173
30.1211851519716,84.64566324221789,2016-01-18,0,-17.74,65.51,3.57,0.0,5463.0,0.052
28.9159,80.1791,2021-03-17,1,25.55,22.77,2.65,0.0,215.0,2.528
29.2726,82.49811,2021-03-18,1,-3.81,69.78,1.85,0.08,4246.0,0.139
27.277516586344472,82.5541691303208,2023-04-18,0,32.73,26.77,2.64,0.0,94.0,3.628
29.0521,80.5388,2023-04-18,1,,,,,1158.0,
27.9671,84.96886,2018-03-27,1,16.18,24.69,1.96,0.0,1369.0,1.385
28.08766,82.03616,2019-04-26,1,33.1,29.65,2.08,0.01,581.0,3.559
27.34752,84.55705,2020-04-09,1,27.66,34.09,2.2,0.0,341.0,2.442
28.11662,81.92583,2023-02-08,1,17.62,53.81,1.63,0.0,262.0,0.931
27.771,83.22076,2024-04-23,1,24.89,27.75,3.21,0.0,447.0,2.274
27.13254,84.78015,2016-04-24,1,32.76,11.57,3.9,0.01,94.0,4.389
28.57846,84.73711,2017-04-18,1,3.73,64.24,1.71,0.01,3865.0,0.285
27.19263032886688,86.93578944385312,2021-04-26,0,25.85,23.8,2.37,0.08,2005.0,2.539
29.08878,82.74637,2013-11-27,1,6.89,39.44,1.13,0.0,4077.0,0.602
28.49195,83.40674,2021-04-09,1,8.86,31.63,2.1,0.0,1883.0,0.778
28.90554,81.45383,2019-05-09,1,27.02,20.5,1.91,0.0,872.0,2.838
28.94735,80.99807,2021-04-02,1,19.73,10.47,1.72,0.0,522.0,2.059
26.4236073727938,80.84258649396844,2021-04-12,0,31.68,12.05,2.32,0.0,120.0,4.107
27.45909,84.39927,2021-04-01,1,26.01,17.17,1.77,3.58,242.0,2.786
27.02804,86.04242,2014-04-11,1,25.94,15.44,1.69,0.0,376.0,2.832
28.28629982547492,85.68058379278078,2016-04-25,0,-3.62,50.15,3.18,0.0,5216.0,0.233
28.67427,82.00336,2014-05-11,1,27.96,25.73,2.26,0.01,961.0,2.801
27.68861425619485,84.92234814816621,2023-04-15,0,27.76,31.05,1.72,0.0,2318.0,2.57
27.87851,83.16579,2024-05-03,1,25.71,15.05,2.11,0.0,1454.0,2.807
27.71992,84.7552,2023-03-28,1,22.3,36.24,1.78,0.48,877.0,1.717
27.73744,82.92916,2018-04-15,1,29.49,28.74,1.66,0.0,202.0,2.936
27.93557190652936,83.5302187356737,2016-04-08,0,23.24,30.24,2.43,0.0,442.0,1.988
26.71134,87.89939,2024-05-02,1,31.04,14.86,3.58,0.02,264.0,3.834
27.63627,83.71584,2017-04-09,1,28.53,20.72,3.1,0.14,489.0,3.09
27.6128333518348,80.78031255862895,2020-10-30,0,24.01,37.04,1.65,0.0,139.0,1.88
27.68014687868849,84.15411550193141,2014-03-28,0,28.53,31.98,2.54,0.0,235.0,2.652
28.37828,81.51676,2017-04-15,1,32.28,19.15,1.6,0.01,810.0,3.905
27.71768,82.76009,2024-04-06,1,30.58,20.34,3.5,0.0,196.0,3.494
28.44719947205094,86.93378529396149,2016-04-27,0,,,,,4921.0,
27.65091,82.95037,2019-04-18,1,27.82,40.13,2.36,0.15,123.0,2.239
27.31116,85.46049,2018-03-26,1,20.17,30.24,1.78,0.21,428.0,1.648
28.958081534666395,85.14276695810307,2016-04-07,0,-4.89,69.29,3.94,0.0,5248.0,0.13
30.37026635572716,87.35069100459009,2018-03-18,0,-9.83,37.03,3.54,0.17,5388.0,0.182
28.84702,80.21473,2014-04-30,1,32.79,19.3,2.15,0.0,198.0,4.012
29.31643495321449,87.36722452086269,2024-05-06,0,1.72,51.47,1.96,0.6,4477.0,0.336
27.47284756237984,81.13224181952467,2024-04-19,0,34.11,21.23,3.98,0.0,121.0,4.216
28.49047,81.92094,2016-04-12,1,23.65,28.47,2.51,0.0,1828.0,2.09
29.27,82.49622,2021-12-20,1,-11.09,47.67,1.98,0.0,4192.0,0.137
30.022146166843072,81.33571111851674,2014-05-01,0,1.8,76.12,2.01,3.08,5382.0,0.166
28.80136,82.13645,2023-11-03,1,10.38,73.14,1.14,0.0,1391.0,0.338
27.767799095857413,84.27664929895485,2022-04-24,0,23.72,33.44,1.83,0.0,715.0,1.953
26.97212,87.5394,2018-03-07,1,19.26,26.92,1.7,0.0,1086.0,1.632
28.7139,81.65989,2023-05-21,1,26.84,34.96,1.87,0.4,1559.0,2.297
27.88915,82.80535,2019-04-25,1,28.5,41.25,2.16,0.24,393.0,2.286
27.645240626765688,86.89545683230176,2014-03-30,0,11.17,41.03,2.86,0.0,4632.0,0.783
29.356813976947457,89.02224213823955,2025-04-05,0,-1.76,36.41,2.0,0.0,3823.0,0.341
26.82619,87.03914,2023-03-13,1,21.17,43.95,1.67,0.93,256.0,1.409
27.81878,84.58485,2014-03-14,1,17.92,40.54,1.9,0.0,1478.0,1.221
28.28413231947544,81.1388998258737,2018-03-24,0,26.7,26.1,1.54,0.0,140.0,2.589
27.740848035542182,80.50562294405124,2024-04-26,0,34.54,15.34,3.37,0.0,147.0,4.64
26.648333462442626,81.66667179162462,2015-01-22,0,16.64,44.01,1.08,0.22,110.0,1.06
30.26631500247792,88.77338210611391,2020-04-09,0,-6.37,52.35,3.09,0.0,5299.0,0.181
29.08462589498234,87.09994206264415,2014-04-09,0,-2.6,43.25,4.32,0.09,5234.0,0.286
28.81802,80.13426,2024-02-25,1,16.47,27.79,1.82,0.0,186.0,1.353
27.49762,83.97955,2014-04-09,1,27.92,27.82,2.07,0.13,238.0,2.716
27.29979537520068,83.58045035548339,2020-11-13,0,23.29,49.06,1.35,0.0,114.0,1.456
28.79821459287488,86.63595535310255,2014-04-23,0,-1.85,43.09,4.76,0.0,4908.0,0.303
28.937895554993027,80.64775811754403,2018-04-22,0,25.11,26.44,1.47,0.0,996.0,2.346
28.408799057778,80.75149996626544,2025-04-26,0,32.09,17.62,2.09,0.0,175.0,3.937
27.63135,85.69979,2016-04-11,1,25.67,23.73,2.85,0.0,1030.0,2.514
30.35171361563016,87.12400198981811,2017-04-10,0,-7.59,44.35,6.76,0.0,5229.0,0.192
29.4245638670081,85.76479006118132,2024-04-12,0,-4.95,54.62,3.09,0.39,4920.0,0.192
29.580657806622,88.1777062931281,2023-01-16,0,-10.34,28.85,4.87,0.0,4501.0,0.198
29.977572436782943,88.4585705680918,2016-04-14,0,-3.85,40.79,3.84,0.01,5483.0,0.272
28.82508809620506,80.59390449354727,2020-04-09,0,22.32,45.22,1.15,0.23,207.0,1.477
27.24233,85.00462,2016-02-27,1,23.97,26.47,1.25,0.01,257.0,2.19
27.73599,84.69115,2021-04-14,1,28.58,19.39,1.49,0.18,1263.0,3.151
28.445967050449266,86.8272920735106,2016-03-16,0,-9.17,39.05,4.16,0.96,5097.0,0.186
27.75725,83.00735,2023-04-13,1,24.16,31.82,2.42,0.0,242.0,2.054
27.41926795803187,81.79657541263902,2021-03-22,0,28.91,17.14,2.16,0.0,119.0,3.302
27.89947,85.13113,2022-04-15,1,17.8,37.9,1.76,0.18,682.0,1.266
26.82895,87.63509,2014-04-22,1,25.36,21.17,2.03,0.0,1017.0,2.551
28.50237,82.06168,2014-04-25,1,25.73,31.45,2.09,0.04,859.0,2.268
29.6232,80.5129,2016-04-18,1,22.31,37.68,1.71,1.57,1401.0,1.679
27.12906084073477,80.19317047517701,2021-05-03,0,32.44,24.98,2.08,0.31,140.0,3.657
28.03617,82.67371,2021-04-03,1,22.0,8.93,2.63,0.0,1141.0,2.408
28.65732,82.69337,2016-04-27,1,19.98,21.63,2.37,0.0,1886.0,1.83
28.7396,81.16064,2014-05-11,1,33.69,19.98,2.51,0.02,1136.0,4.184
27.22303,85.87144,2020-04-09,1,28.0,34.75,2.39,0.38,766.0,2.466
28.01407,81.83228,2019-04-23,1,28.79,40.8,2.03,0.47,237.0,2.343
28.22426,81.8174,2015-05-24,1,35.32,23.39,1.96,0.38,361.0,4.384
27.08668,84.82793,2021-04-13,1,31.4,15.51,2.42,0.0,91.0,3.883
28.41887,81.35516,2025-03-28,1,28.65,20.57,2.6,0.0,180.0,3.118
28.10077,82.0042,2024-04-15,1,30.36,27.26,2.78,0.0,671.0,3.151
27.82224244965261,88.3902427195281,2016-03-29,0,-2.71,64.14,2.8,1.57,5047.0,0.179
29.84014487327252,81.46906198115158,2019-05-07,0,1.41,49.39,2.69,0.0,4734.0,0.342
28.4603,81.94172,2022-04-27,1,26.35,27.56,1.86,0.04,728.0,2.486
27.911212666108405,83.93132309687445,2023-03-29,0,18.95,40.31,1.85,0.0,948.0,1.308
30.062773302450697,82.9631592234174,2019-03-22,0,-15.05,90.79,3.72,0.17,4653.0,0.017
30.149462157262253,83.00241557259149,2023-04-13,0,-3.47,73.94,2.21,0.0,4760.0,0.123
28.59678846622135,83.12084503569027,2016-04-07,0,9.18,50.53,1.88,0.12,4580.0,0.575
28.115092162120504,84.0521101713767,2022-04-21,0,21.76,58.44,1.49,1.27,723.0,1.083
29.3044421024276,81.7879387954526,2021-03-27,0,9.52,36.61,1.88,0.0,2075.0,0.754
27.20288,85.07663,2023-03-13,1,25.41,38.04,1.64,0.08,197.0,2.011
29.06103427911444,88.22104707198251,2024-05-05,0,4.79,37.85,2.73,0.09,4888.0,0.534
30.28929707515444,81.31263280461408,2024-04-07,0,-6.49,54.21,4.11,0.0,5650.0,0.172
26.3215065541504,87.11561006258576,2017-04-12,0,28.83,18.84,1.94,0.0,66.0,3.219
26.993486789832065,86.8178211020397,2025-03-17,0,22.86,39.29,3.44,0.03,971.0,1.691
27.86696,82.26413,2023-04-27,1,24.99,41.59,1.43,0.21,530.0,1.849
27.6763,82.41819,2016-03-21,1,28.8,17.81,5.29,0.0,181.0,3.254
28.3512,81.59397,2019-04-26,1,26.53,36.75,2.01,0.05,772.0,2.194
30.367954421877773,82.20410379885584,2024-04-08,0,-9.03,62.82,5.03,0.0,5412.0,0.115
26.528722434815585,87.30086365363968,2021-03-24,0,29.86,21.29,5.02,0.02,85.0,3.313
27.03214121091136,81.06430788687734,2021-04-01,0,28.0,5.96,3.94,0.0,124.0,3.555
27.11971,86.33995,2024-04-07,1,27.05,27.62,3.05,0.0,1547.0,2.588
27.456,84.65367,2016-04-12,1,31.05,17.9,3.48,0.0,553.0,3.699
27.72227,86.12998,2014-05-13,1,18.34,42.73,2.2,0.25,1423.0,1.208
27.38054,84.78788,2016-04-30,1,30.31,11.27,2.72,0.0,358.0,3.832
26.800333881644683,88.37108236562378,2014-03-30,0,22.38,28.22,2.19,0.05,192.0,1.942
29.554462476947982,84.2880320265995,2014-05-12,0,-0.86,61.64,3.92,0.46,4549.0,0.22
27.93647,85.63439,2016-04-27,1,12.25,23.83,2.17,0.0,1332.0,1.086
28.89765,80.17178,2015-05-26,1,35.65,17.7,2.07,0.81,211.0,4.796
27.34391,85.40582,2016-03-18,1,19.17,33.16,1.84,0.0,415.0,1.484
29.12358,82.49007,2016-04-30,1,9.35,34.21,1.84,0.0,3190.0,0.773
27.93464293996402,84.92390384198428,2016-03-26,0,18.04,25.38,1.62,0.0,936.0,1.544
27.57612,83.13459,2024-11-30,1,19.77,60.1,1.1,0.0,106.0,0.92
27.95794,85.18513,2021-04-12,1,17.44,18.29,1.89,0.0,1318.0,1.628
28.35727,82.80078,2016-04-29,1,19.84,20.83,2.41,0.0,1135.0,1.833
28.44954437188652,86.82714119765846,2017-04-12,0,-5.57,38.01,2.86,0.0,5242.0,0.25
27.96821,82.04456,2019-04-26,1,33.1,29.65,2.08,0.01,295.0,3.559
27.33977,86.11652,2023-03-29,1,12.03,41.97,1.92,0.0,1463.0,0.816
28.104454911014106,82.45188193719044,2014-03-29,0,25.3,36.56,4.03,0.0,757.0,2.046
29.317460370320983,84.55617759054421,2016-04-11,0,-2.67,66.48,4.04,0.0,5028.0,0.168
26.40985233778528,86.166246424115,2019-05-11,0,34.15,30.41,2.82,0.0,63.0,3.733
29.08971616976576,81.0866065885566,2019-05-06,0,24.84,22.56,1.95,0.0,667.0,2.43
28.5721886181249,82.76735286944884,2019-05-06,0,18.83,30.79,2.96,0.0,2915.0,1.505
28.810374805294323,84.7906361146453,2014-03-29,0,-5.17,63.07,3.81,0.0,4668.0,0.154
26.75576,86.46585,2024-01-30,1,13.73,47.93,1.36,0.04,133.0,0.818
28.64948,81.57404,2016-04-30,1,27.16,14.29,1.99,0.0,1528.0,3.085
28.75605,81.07884,2022-04-24,1,24.3,22.61,1.73,0.0,535.0,2.351
26.813015971647644,88.15209800929671,2023-04-13,0,21.14,39.74,1.44,0.0,1008.0,1.512
27.22565,85.0667,2016-04-08,1,32.87,20.71,3.22,0.0,221.0,3.959
28.0736,82.08361,2023-04-19,1,31.73,31.04,2.66,0.01,939.0,3.229
27.92931,84.88479,2016-04-09,1,18.53,29.67,2.14,0.0,831.0,1.501
29.15845,80.69781,2024-04-05,1,25.66,24.03,1.56,0.0,1721.0,2.503
29.37085,80.77207,2014-05-22,1,23.62,30.35,2.11,0.0,919.0,2.031
29.336838660071948,80.63415618650507,2022-04-26,0,21.14,31.49,2.15,0.02,1405.0,1.719
30.36729817323767,82.9322901179466,2024-01-14,0,-14.26,49.37,2.79,0.0,4662.0,0.103
29.63467441957887,87.6970928131379,2022-12-06,0,-7.94,33.86,2.85,0.0,4692.0,0.222
27.99563,81.8227,2024-04-07,1,28.48,21.96,2.56,0.0,296.0,3.033
28.24824,84.20909,2025-04-04,1,21.83,17.74,2.08,0.0,925.0,2.152
28.29975,81.84545,2024-04-09,1,22.63,20.71,1.71,0.0,477.0,2.178
28.81857,80.84537,2016-04-24,1,25.74,14.52,1.96,0.0,609.0,2.829
28.60051,81.94968,2018-05-04,1,22.96,60.57,1.45,0.64,1386.0,1.105
28.856444683793423,84.19225574278488,2021-04-10,0,-8.56,63.08,2.59,0.08,5925.0,0.118
27.12748159046251,83.23194588339987,2025-03-30,0,27.53,8.99,2.5,0.0,105.0,3.347
26.45553222303192,81.74319987660525,2025-03-05,0,21.0,24.38,4.11,0.0,113.0,1.881
28.96424,81.45436,2021-03-14,1,18.12,36.85,1.34,0.0,1408.0,1.313
27.84316,84.8074,2024-03-18,1,13.41,29.06,1.78,0.04,943.0,1.091
27.77444951329404,88.87944481429159,2019-03-23,0,-6.38,65.22,3.15,0.08,5050.0,0.132
29.793302626892554,81.19497426535287,2021-03-23,0,-3.01,72.2,2.11,0.35,4674.0,0.136
30.277782515933083,83.22419861856392,2015-04-06,0,-12.71,90.32,2.48,0.38,4765.0,0.022
30.346788026380853,82.61885665135772,2023-04-23,0,-8.51,69.69,2.43,0.04,4787.0,0.097
27.11509,85.9479,2016-03-24,1,25.53,14.49,1.66,0.0,522.0,2.795
29.286456292088992,86.32436013168208,2016-04-25,0,-3.36,41.54,5.64,0.0,5449.0,0.279
29.05451659761531,85.47929540724543,2023-04-08,0,-4.89,62.48,2.87,0.0,4702.0,0.159
28.46976,81.43189,2021-04-13,1,30.55,17.74,2.49,0.0,298.0,3.602
28.959130638206663,80.65290114324335,2016-04-29,0,28.78,14.29,1.83,0.0,922.0,3.39
28.89102,80.19952,2025-03-27,1,28.3,24.81,2.71,0.0,206.0,2.892
27.55565,85.3375,2024-04-30,1,26.64,22.96,2.9,0.0,1780.0,2.689
30.00498,80.72701,2021-03-28,1,4.79,61.24,1.82,0.0,1955.0,0.333
28.004460725354573,82.67501830437475,2018-02-26,0,19.8,37.53,2.21,0.0,1547.0,1.443
29.1953,80.34322,2024-04-28,1,27.98,23.65,1.61,0.01,1471.0,2.883
27.90772,82.9526,2024-04-09,1,21.18,24.24,2.44,0.0,844.0,1.905
27.667284828133774,84.78608038510788,2021-04-22,0,24.56,48.32,1.8,10.72,1234.0,1.595
26.93998,87.58685,2021-04-06,1,22.88,21.52,1.74,0.0,1205.0,2.189
27.55113,84.56651,2020-03-31,1,25.29,37.53,1.65,0.14,198.0,2.013
26.301707374938395,84.8536001134145,2023-02-24,0,22.08,33.01,2.05,0.0,63.0,1.78
29.03599749907648,80.49559659946331,2018-04-27,0,26.88,38.51,1.18,0.71,957.0,2.177
26.92625,86.02531,2014-03-18,1,23.61,44.58,1.77,0.01,185.0,1.615
29.13124,81.05968,2021-03-16,1,19.37,29.83,1.58,0.02,843.0,1.578
29.087594233409,85.92786961214196,2016-04-08,0,-3.82,56.83,4.69,0.0,4554.0,0.199
27.083524927891283,82.87736879854012,2016-04-12,0,33.16,16.46,5.33,0.0,88.0,4.24
29.69801,81.66412,2021-04-03,1,5.6,21.48,2.11,0.0,2645.0,0.714
29.11039754954489,84.46676108937513,2018-03-26,0,-8.32,62.93,3.01,0.06,4979.0,0.121
29.38234,80.57394,2021-04-27,1,20.46,33.8,2.01,0.0,1759.0,1.593
29.19666754519685,80.61326729552505,2019-05-23,0,30.61,24.99,1.46,0.15,2306.0,3.296
28.77207,81.1552,2024-05-05,1,26.97,22.4,1.91,0.0,811.0,2.762
28.137096342082643,89.33583036863467,2014-04-01,0,-3.3,54.98,3.31,0.11,4472.0,0.216
28.09455,83.21995,2024-04-29,1,26.53,22.05,3.49,0.0,1017.0,2.703
26.654795611281983,85.86632079080721,2019-05-08,0,34.29,18.79,2.59,0.0,70.0,4.39
27.35231,85.15688,2016-04-15,1,29.8,18.5,1.78,0.0,420.0,3.419
26.93119,86.93913,2021-04-03,1,22.49,17.75,2.2,0.0,857.0,2.24
28.64075,81.3876,2019-04-28,1,32.36,21.19,1.97,0.0,907.0,3.824
29.32259051738929,86.16191711419296,2014-02-08,0,-12.96,50.38,8.1,0.0,4693.0,0.112
28.42228,81.54506,2014-06-06,1,37.44,21.92,1.54,0.04,256.0,5.018
27.13743,84.86881,2022-04-16,1,31.55,18.9,2.85,0.02,98.0,3.759
27.13503,87.21195,2025-04-25,1,24.08,34.68,1.87,0.13,1102.0,1.958
29.15967,82.05754,2017-03-23,1,13.38,48.77,1.92,0.0,2950.0,0.787
29.0568,82.97837,2024-11-23,1,-5.06,67.03,2.0,0.0,4489.0,0.138
28.93358,81.04414,2019-05-17,1,25.53,39.0,1.64,0.41,725.0,1.994
28.668940356796625,84.67450730447649,2014-04-22,0,5.88,52.14,2.03,0.0,4784.0,0.444
26.655526455187005,82.5589675087174,2018-04-19,0,33.74,21.11,3.12,0.0,88.0,4.136
28.27905558182731,82.8293871485225,2014-04-12,0,7.43,50.01,1.9,0.01,1486.0,0.516
29.478038519979748,89.11778815091492,2021-03-28,0,-1.94,53.58,1.74,0.0,4137.0,0.246
26.97187,86.90173,2014-04-21,1,26.28,21.41,2.44,0.0,1164.0,2.686
28.42458,81.55835,2024-04-10,1,28.82,16.23,1.75,0.0,255.0,3.321
29.02411,80.37805,2019-05-12,1,28.61,24.88,1.35,0.03,601.0,2.942
26.51397942946817,80.90774276733856,2019-05-09,0,36.86,15.01,3.87,0.0,121.0,5.292
27.2769,85.59644,2016-04-26,1,25.8,12.65,1.87,0.0,356.0,2.902
29.74956389816656,84.2220766378907,2023-04-08,0,-10.04,76.35,1.64,0.0,4946.0,0.067
26.681228487142,81.88901816571112,2019-04-02,0,28.52,19.09,1.84,0.0,106.0,3.152
28.06215,84.21333,2014-04-15,1,21.79,39.02,1.95,0.0,499.0,1.592
27.12164,85.88786,2021-03-22,1,27.33,19.38,2.48,0.0,557.0,2.93
28.82285,82.34456,2021-04-05,1,7.33,32.31,1.7,0.0,2226.0,0.694
27.50889,83.91174,2014-04-05,1,28.54,32.79,1.52,0.0,393.0,2.621
27.04529,86.44115,2017-04-13,1,26.25,29.62,1.88,0.0,1247.0,2.401
27.32243299841081,88.93917010701578,2016-04-24,0,7.8,55.2,2.07,1.94,4219.0,0.474
27.99134083785713,88.31445562809228,2025-04-05,0,-4.76,64.04,2.65,0.0,5308.0,0.154
28.80626517094478,89.34742410675285,2019-05-09,0,5.56,35.38,3.08,0.27,4670.0,0.586
27.56978,85.00951,2019-03-18,1,20.51,38.4,1.7,1.03,1174.0,1.486
29.16586,80.89291,2024-04-19,1,28.31,24.8,1.82,0.0,1713.0,2.894
26.57062547694177,89.26834376076155,2019-03-14,0,25.61,38.96,1.08,0.0,69.0,2.005
28.09245,82.0666,2019-04-28,1,32.37,21.16,2.18,0.09,747.0,3.828
27.10704,85.7534,2018-03-26,1,27.44,19.74,1.72,0.07,606.0,2.936
27.44913505100973,84.58900126460966,2023-04-13,0,29.56,27.75,1.7,0.0,640.0,2.989
28.49797,81.99774,2021-04-09,1,23.39,15.52,1.79,0.0,1266.0,2.43
29.95288,81.81726,2022-12-26,1,-8.57,85.3,1.83,0.0,2652.0,0.047
29.365162769073013,81.9318934554417,2025-04-06,0,10.83,35.66,1.94,0.0,3529.0,0.835
28.97672,80.71481,2016-04-26,1,28.02,12.47,1.61,0.0,1584.0,3.312
27.82179,84.53626,2021-04-13,1,22.78,23.63,1.87,0.26,951.0,2.117
30.352777222599144,83.00961040973792,2024-04-19,0,-3.1,59.7,4.9,0.0,4748.0,0.196
27.68969,82.54223,2014-04-05,1,28.1,32.71,2.39,0.0,277.0,2.558
28.60923,81.64353,2017-04-16,1,26.3,28.46,1.92,0.0,890.0,2.448
27.94751,82.0757,2024-04-06,1,28.78,26.52,2.52,0.0,458.0,2.906
29.04300960554029,83.98859749954003,2018-04-15,0,-5.64,84.03,1.82,0.95,4314.0,0.064
29.64501,80.68762,2021-04-04,1,16.72,13.0,1.81,0.0,1890.0,1.656
28.20223,82.27483,2024-04-29,1,29.12,21.04,3.5,0.0,1147.0,3.185
30.44166594939336,88.59722966860586,2016-04-09,0,-2.1,27.34,4.97,0.0,4807.0,0.38
29.946091662995105,87.50842650279118,2016-04-07,0,-2.23,39.48,5.58,0.03,4848.0,0.314
27.13419847280629,81.03692743556098,2016-04-13,0,32.17,16.01,4.45,0.0,127.0,4.032
27.35411,84.43087,2014-04-08,1,29.43,33.69,2.43,4.33,303.0,2.723
28.206665026532324,89.34072096016264,2025-03-05,0,-5.61,60.06,3.77,0.18,4701.0,0.161
29.889883605921515,85.6332617082309,2023-11-19,0,-7.62,54.84,3.81,0.0,5331.0,0.156
27.70683,82.45626,2017-04-10,1,27.69,12.7,4.31,0.0,387.0,3.241
28.98221,81.7234,2023-04-11,1,13.43,44.46,1.74,0.0,2124.0,0.856
28.3092,84.81635,2021-01-07,1,-5.22,51.23,1.4,0.0,2948.0,0.202
29.506299435041065,83.69031962276318,2014-04-01,0,-10.05,70.43,3.02,0.0,4942.0,0.084
28.28406744334592,80.68675494045763,2016-04-12,0,30.06,21.56,3.54,0.0,151.0,3.34
28.788437025446203,84.95575511529222,2024-04-01,0,-3.52,60.95,3.29,0.0,5287.0,0.184
26.47233500765432,85.50489179591513,2024-04-15,0,32.9,26.5,2.04,0.34,64.0,3.676
27.53515,84.82361,2021-03-21,1,23.19,29.46,1.87,0.0,594.0,2.005
28.99668,81.85762,2021-04-02,1,10.78,21.15,2.22,0.0,3374.0,1.02
27.81123089861148,81.667950090669,2016-04-29,0,33.14,9.99,2.97,0.0,135.0,4.563
27.08385645302016,86.84549799195084,2021-03-26,0,21.82,25.3,2.53,0.0,1903.0,1.953
28.954019392242948,83.11373711018616,2021-04-07,0,-2.81,80.05,2.72,0.35,4586.0,0.099
29.11141,80.64684,2016-04-29,1,28.78,14.29,1.83,0.0,1491.0,3.39
27.32438,85.64342,2016-04-26,1,25.8,12.65,1.87,0.0,1058.0,2.902
26.97076,85.95367,2025-03-17,1,24.33,38.99,3.13,0.1,262.0,1.857
28.94639,81.46187,2018-03-28,1,22.45,19.51,1.8,0.0,979.0,2.187
30.037450601967667,84.05814586575659,2023-04-18,0,-1.19,71.48,3.05,0.0,4763.0,0.16
26.73546140444733,88.16472055697629,2014-04-21,0,30.51,19.14,2.62,0.0,215.0,3.533
28.80511,80.92124,2019-05-20,1,29.45,31.07,1.35,0.0,504.0,2.834
28.92982,81.01083,2024-04-14,1,23.68,35.33,1.39,0.0,592.0,1.893
27.22153970217619,81.27297535698197,2025-04-03,0,28.67,11.07,2.09,0.0,114.0,3.495
27.41174735146884,80.99588639446812,2017-04-11,0,29.27,12.76,3.31,0.0,131.0,3.549
27.30021,85.30018,2016-03-19,1,23.88,31.97,1.97,0.0,475.0,2.015
27.9551,81.99632,2021-03-31,1,28.11,13.05,3.41,0.04,360.0,3.308
28.14445172658929,81.08340030073343,2014-04-25,0,31.65,26.16,2.91,0.09,134.0,3.442
26.361880635663777,86.17668569730625,2016-03-25,0,30.1,13.85,1.44,0.0,57.0,3.676
30.33995527760301,80.14044059246444,2023-04-17,0,-0.17,79.07,1.91,0.0,3665.0,0.126
28.72692755287709,89.26971553958364,2021-04-04,0,-7.53,49.56,2.33,0.54,4645.0,0.175
29.58547443639916,80.82962447772144,2017-04-08,0,16.37,41.71,1.6,0.71,1878.0,1.085
27.67125985376621,82.65206633875204,2024-04-25,0,33.41,15.36,4.52,0.0,145.0,4.356
27.03151082627211,83.6337154699055,2016-04-13,0,32.62,14.83,5.03,0.0,90.0,4.194
28.03183,82.67451,2023-05-14,1,28.94,31.21,2.25,0.1,927.0,2.746
28.744453430782777,82.0274396289568,2016-04-26,0,26.1,13.93,2.14,0.0,1282.0,2.91
26.95106,86.25352,2016-03-22,1,23.62,16.63,2.57,0.0,256.0,2.432
27.391595394685528,83.61677651409855,2014-04-25,0,32.7,21.03,2.74,1.55,101.0,3.906
28.3067,81.82499,2016-04-10,1,25.28,23.68,2.33,0.0,474.0,2.458
28.54288,83.87683,2014-12-06,1,6.1,35.35,1.3,0.0,4391.0,0.609
29.141603397288087,89.10571277177016,2018-03-22,0,-0.85,50.01,3.1,1.71,4421.0,0.287
26.82459,86.7401,2022-04-16,1,25.62,27.23,2.53,0.26,486.0,2.392
26.82724206343832,86.88939838999927,2019-05-07,0,26.57,29.03,1.89,0.16,173.0,2.467
26.899692584061416,82.74316396118603,2017-04-17,0,31.8,30.03,2.04,0.0,88.0,3.29
29.62099769086181,86.15724345015326,2021-04-12,0,-5.98,44.53,4.78,0.0,5399.0,0.217
28.909311035968976,80.3152575638326,2014-10-10,0,23.74,58.22,1.0,0.0,220.0,1.227
29.05933,81.22267,2024-04-20,1,25.52,23.2,1.99,0.0,961.0,2.509
27.86054,82.25154,2016-04-08,1,26.99,24.74,2.64,0.0,727.0,2.682
28.912397698305725,88.85645038802821,2018-04-15,0,2.42,22.56,1.27,0.11,4492.0,0.563
27.706791317265377,86.41430320511677,2021-03-28,0,13.9,39.39,1.84,0.0,4201.0,0.963
27.29383,85.86017,2018-03-25,1,20.53,30.33,1.89,0.01,914.0,1.683
26.88869,86.71746,2021-04-11,1,25.29,15.44,3.01,0.0,844.0,2.725
26.5209499001306,88.49155784144263,2014-04-12,0,29.15,19.1,1.64,0.09,92.0,3.269
27.51377,84.07333,2025-04-06,1,29.85,15.84,1.71,0.0,316.0,3.54
28.59809332359615,83.96946545355117,2025-03-18,0,4.27,56.55,1.99,0.0,6694.0,0.36
28.45928,81.3875,2018-04-24,1,29.69,22.6,1.64,0.01,349.0,3.226
27.11246,85.26775,2015-03-17,1,24.82,44.69,2.97,0.07,140.0,1.733
27.81019,84.52473,2023-03-27,1,18.05,45.13,1.68,1.58,939.0,1.136
29.84067964493488,84.35501488431535,2016-03-19,0,-12.3,79.99,3.88,0.0,4882.0,0.048
28.54152,80.88515,2014-04-24,1,30.58,30.0,2.93,0.0,166.0,3.07
27.77881,83.10597,2014-04-14,1,20.89,40.6,1.96,0.16,385.0,1.467
29.25945136420572,84.70351951691669,2016-04-09,0,-4.32,62.6,4.01,0.0,4626.0,0.166
27.257438970169588,83.27898472811128,2019-05-06,0,31.35,19.56,3.96,0.0,85.0,3.686
30.162213988502938,82.10304087259819,2021-04-01,0,-2.82,35.43,3.1,0.5,5121.0,0.32
27.98185187939996,87.40249168614235,2019-05-30,0,5.17,74.51,1.86,2.17,3457.0,0.225
27.43637,85.11574,2021-04-13,1,27.58,18.22,2.0,0.06,957.0,3.016
29.25246384985208,84.37574491365463,2025-04-05,0,-5.26,62.52,2.58,0.0,4863.0,0.155
29.696627347659163,82.9914892909762,2024-02-19,0,-10.01,85.21,5.13,0.79,5295.0,0.042
29.13138734454611,86.37928657988891,2024-04-21,0,-0.89,42.29,4.62,0.02,5861.0,0.33
30.38339118138877,84.65777791054182,2015-06-09,0,0.29,66.3,4.17,2.95,5365.0,0.21
27.82776896728194,84.07814085441673,2024-04-08,0,21.17,25.38,1.96,0.0,464.0,1.875
26.464463984467976,87.47091484899721,2019-04-19,0,28.3,36.74,2.87,0.06,72.0,2.433
30.16734820674744,80.24005007980216,2019-05-20,0,18.35,44.75,1.99,0.0,2734.0,1.166
28.44612,83.40006,2020-03-29,1,7.94,53.13,2.02,0.0,2086.0,0.501
29.50906007582077,83.31879006938514,2016-03-18,0,-10.59,91.02,3.14,0.0,5558.0,0.024
27.37338,84.74487,2023-04-06,1,23.5,33.43,1.82,0.79,344.0,1.928
28.04818943615816,86.50233648057886,2024-05-05,0,2.69,54.22,2.48,0.3,5401.0,0.339
29.35343966753907,88.6804475142871,2014-05-20,0,5.87,37.65,3.47,0.03,3853.0,0.578
28.839766462585807,85.64382896313128,2018-01-10,0,-7.53,30.83,3.26,0.0,4580.0,0.24
29.53495,82.34655,2020-12-22,1,-4.66,35.92,1.58,0.0,3902.0,0.277
28.3047,81.97731,2018-04-21,1,24.8,36.72,2.05,2.97,1050.0,1.981
30.32747723949953,81.60275461114686,2016-04-23,0,-6.88,67.99,6.27,3.19,5124.0,0.117
26.83788,87.89368,2021-04-05,1,18.92,24.87,1.55,0.02,549.0,1.643
27.49608,84.40079,2023-04-09,1,27.38,28.83,1.91,0.0,452.0,2.595
28.63475,81.49897,2019-04-30,1,32.32,22.38,1.83,0.03,970.0,3.758
27.61668128998156,86.43775303150665,2019-05-08,0,18.65,30.89,2.21,0.0,1939.0,1.486
29.82556777795272,85.80803036719365,2025-04-07,0,-3.99,47.71,2.19,0.0,5373.0,0.238
29.76477930932276,82.91295257486163,2021-01-29,0,-18.77,73.19,3.33,0.0,5304.0,0.037
28.1319160389844,88.97314936691266,2021-03-10,0,-5.14,74.63,2.41,3.99,4761.0,0.106
29.2776,80.42423,2019-05-28,1,23.01,26.51,1.94,0.0,1880.0,2.066
27.60876,83.99054,2019-05-21,1,33.28,35.68,1.12,10.35,224.0,3.287
27.07981,85.81113,2025-03-28,1,28.37,27.39,2.19,0.0,388.0,2.804
28.9104,80.57182,2019-05-09,1,29.54,17.13,1.99,0.0,795.0,3.425
26.85746895993368,89.40136641304618,2023-04-22,0,15.21,64.47,0.66,8.76,466.0,0.614
28.70811,82.27562,2014-03-31,1,14.75,36.11,2.09,0.0,843.0,1.072
28.792389913109965,86.58913037913698,2014-04-11,0,-3.67,41.02,2.3,0.0,5475.0,0.275
27.798966075376168,83.51546292738377,2021-04-26,0,24.55,19.61,2.13,0.0,708.0,2.479
28.4911875249472,86.88985617945347,2025-04-01,0,-10.03,68.46,4.01,0.0,4666.0,0.09
28.14347,82.69781,2023-04-09,1,23.42,29.06,2.24,0.0,942.0,2.044
29.63474268765716,82.9465313651856,2021-04-05,0,-6.25,61.21,4.12,0.0,5124.0,0.149
28.29129,82.03207,2023-05-20,1,26.62,34.17,1.92,0.08,800.0,2.295
27.20847,85.69333,2021-03-27,1,26.88,17.74,1.76,0.0,423.0,2.912
28.43477734338936,86.90574753826817,2025-04-08,0,-3.81,69.45,1.69,0.08,4828.0,0.141
27.49723,84.99405,2024-04-25,1,28.4,18.48,2.13,0.0,940.0,3.154
28.39002,81.72516,2024-04-19,1,26.35,29.59,2.57,0.0,1077.0,2.416
30.18813056478464,89.37398454515979,2014-04-23,0,-1.62,38.96,5.05,0.0,5661.0,0.331
27.6411362272258,82.50055062137636,2024-04-07,0,30.73,16.23,3.39,0.0,150.0,3.706
29.331849756712806,86.96118689997321,2021-04-05,0,-4.19,23.67,3.64,0.01,4552.0,0.342
26.795978880539685,88.19766580391209,2025-04-03,0,21.02,34.74,1.44,0.0,300.0,1.625
29.978531201762426,81.59462606468013,2016-04-15,0,3.85,48.25,2.42,0.0,3394.0,0.416
28.95898,81.51189,2024-04-30,1,25.16,24.84,2.0,0.13,1096.0,2.404
28.37191258821637,89.28392535434857,2016-04-07,0,-0.78,62.34,4.08,0.78,4698.0,0.217
27.42188,84.75117,2023-04-07,1,24.33,28.98,1.76,0.01,498.0,2.162
28.73622,81.19247,2024-05-02,1,28.78,13.07,1.93,0.0,730.0,3.438
26.92029,87.60278,2014-05-17,1,26.93,32.65,1.94,0.0,1067.0,2.391
26.53136418861499,81.3022790612164,2024-04-29,0,35.33,14.57,2.47,0.0,116.0,4.892
28.71082390220172,83.50048459457162,2016-04-09,0,9.81,39.11,1.88,0.0,6659.0,0.738
27.64705674088708,86.67649119497703,2023-04-19,0,12.69,49.64,2.26,0.38,3130.0,0.739
26.747660037760586,88.1236436786048,2022-03-24,0,27.07,38.37,2.3,1.28,266.0,2.206
27.44220020597808,80.68517257848524,2024-04-04,0,31.78,18.15,2.02,0.0,135.0,3.844
27.44118,84.61874,2024-04-10,1,28.35,18.5,2.1,0.03,599.0,3.144
26.82442,86.42872,2019-03-22,1,23.95,27.42,2.7,0.01,304.0,2.159
27.71257,82.69186,2018-04-26,1,31.61,25.21,3.63,0.0,205.0,3.478
27.47111738293503,80.36681378424367,2016-04-12,0,31.34,19.01,4.71,0.0,138.0,3.71
26.45190471062296,87.95099167653551,2025-03-17,0,28.17,33.53,4.33,0.04,80.0,2.537
29.79551602179369,86.00914691620477,2021-04-04,0,-10.41,29.98,3.84,0.0,5750.0,0.194
30.019211277734968,82.58963180524981,2016-04-14,0,-4.09,73.58,3.54,0.0,4893.0,0.119
28.10708,81.93307,2021-04-01,1,25.23,9.44,2.2,0.83,254.0,2.908
29.77629,80.43201,2022-04-18,1,9.95,36.14,1.89,0.0,1621.0,0.782
29.10425,80.43686,2025-05-15,1,29.23,33.12,1.39,0.02,844.0,2.715
26.50431,87.50365,2018-12-10,1,19.77,47.95,0.97,0.0,77.0,1.2
28.00909,83.62495,2023-04-18,1,25.62,34.52,2.37,0.0,767.0,2.152
27.68634752823399,85.53692764309757,2019-05-09,0,26.97,21.79,1.9,0.0,1976.0,2.784
26.472451880139147,86.54653422983864,2014-05-01,0,33.85,31.14,2.6,3.41,69.0,3.632
28.09004,83.24321,2016-04-29,1,26.41,13.24,2.85,0.0,1033.0,2.988
30.449719536799755,85.18879735390215,2025-04-01,0,-8.17,48.22,6.57,0.0,4983.0,0.171
26.92298,86.20445,2014-03-30,1,26.36,26.92,3.27,0.0,206.0,2.509
29.450749216661016,85.77376680141383,2022-04-23,0,-2.97,60.96,4.57,0.27,4921.0,0.192
27.88436,85.37677,2021-03-22,1,8.14,47.76,1.95,0.0,1758.0,0.566
27.27665,84.89691,2018-03-20,1,23.92,21.47,1.81,0.0,297.0,2.332
27.90369,83.91209,2024-04-10,1,21.72,21.31,2.12,0.06,744.0,2.045
29.1078,81.56827,2018-05-22,1,19.22,32.15,1.86,0.06,1923.0,1.512
28.75615,80.34067,2024-04-04,1,25.64,25.9,1.37,0.0,193.0,2.438
27.42713,85.63992,2020-02-10,1,10.02,51.52,1.41,0.0,1258.0,0.596
27.65009,83.9828,2016-03-18,1,25.93,30.68,1.99,0.0,286.0,2.321
29.10903,81.67981,2021-02-27,1,9.67,56.36,1.77,0.07,1267.0,0.524
27.29808,85.48734,2016-03-30,1,21.58,29.39,1.64,0.96,383.0,1.82
27.00069015594631,87.57306999117134,2022-12-05,0,15.41,72.98,0.97,0.0,967.0,0.473
28.964364311648108,86.07843390079246,2016-04-24,0,-2.65,45.64,6.48,0.07,5454.0,0.273
27.59554626889659,83.30600261021736,2016-03-21,0,28.37,18.63,4.98,0.0,113.0,3.143
26.3982650248686,88.15543223018383,2019-04-29,0,29.28,57.25,2.05,0.93,67.0,1.74
28.31024148784461,88.92236851833455,2023-04-12,0,-1.82,61.35,3.83,0.0,4968.0,0.207
28.31306,81.71255,2016-04-15,1,27.13,22.01,2.26,0.0,562.0,2.802
27.6827124268892,88.61473378789275,2023-03-09,0,3.18,62.31,1.58,0.0,3252.0,0.289
27.23993,84.72771,2016-03-20,1,28.56,24.44,2.11,0.0,156.0,2.951
28.17769913873001,88.36366098785683,2019-05-23,0,1.65,79.48,2.24,9.27,4660.0,0.141
26.920375964556424,84.43108434697562,2024-04-29,0,34.54,16.07,4.13,0.0,82.0,4.6
30.22040748190509,84.41731294998168,2016-04-22,0,-4.4,64.31,6.83,0.0,5797.0,0.157
29.291599679592142,83.51012712701313,2022-03-10,0,-14.42,85.01,1.88,0.0,5365.0,0.03
27.677,82.45534,2019-04-18,1,27.61,44.06,2.49,0.96,196.0,2.067
28.09433660371082,88.97019485059653,2023-05-08,0,,,,,4969.0,
26.322185042057345,88.1433915885979,2024-04-09,0,27.24,29.93,1.61,0.17,62.0,2.534
29.757348284620992,81.41176915078536,2014-02-01,0,-10.21,67.52,1.7,0.0,3559.0,0.091
29.856716441854683,83.73591012863925,2024-05-03,0,0.52,46.18,3.08,0.0,4583.0,0.341
28.638645858250857,88.01106540528735,2016-04-24,0,-2.1,53.96,5.91,1.29,4488.0,0.241
27.76991367293579,89.02674651640245,2024-04-22,0,0.44,55.82,2.99,0.18,4859.0,0.279
27.85596483000134,87.84894043072457,2016-04-16,0,-2.54,77.8,2.59,2.88,4889.0,0.112
26.663514397858133,84.01627612693905,2019-05-08,0,35.32,13.95,3.95,0.0,77.0,4.925
28.76004,81.06319,2016-03-28,1,20.97,37.53,1.38,0.37,575.0,1.551
27.31466907087662,87.22791626435807,2016-04-11,0,13.98,38.57,2.26,0.0,705.0,0.981
26.513853224773342,88.75789097487342,2022-04-05,0,25.85,69.05,1.77,10.37,82.0,1.031
27.24544,84.85722,2014-03-30,1,28.97,28.61,3.4,0.0,188.0,2.855
27.945832571910177,82.54738350612185,2017-04-26,0,27.4,24.19,2.91,0.0,490.0,2.767
27.68987,83.70311,2016-04-09,1,32.01,15.46,3.5,0.0,515.0,4.022
27.72889,82.71777,2017-03-02,1,25.29,31.68,1.99,0.0,375.0,2.202
28.50405,81.94482,2021-03-02,1,16.77,23.31,1.73,0.0,1179.0,1.465
27.260175863541747,80.53226561590425,2022-04-05,0,29.22,23.98,2.4,0.0,124.0,3.084
27.74605,82.65844,2023-04-18,1,32.73,26.77,2.64,0.0,463.0,3.628
26.71944827831205,84.6769651311982,2016-04-18,0,34.85,17.88,2.24,0.02,74.0,4.579
27.82914463683616,82.82801322318736,2023-05-10,0,22.98,29.32,2.5,0.0,454.0,1.983
30.06938158983833,80.49775992547008,2014-04-28,0,9.38,51.65,1.94,0.0,3536.0,0.569
26.64808,86.7812,2019-03-20,1,25.17,28.96,2.31,0.15,226.0,2.273
28.460148743679905,84.99613856195894,2014-05-17,0,4.02,76.14,2.08,0.02,2904.0,0.194
27.590565632763507,82.93124372035246,2021-04-28,0,33.39,16.61,1.81,0.0,109.0,4.287
27.89116,82.14218,2019-05-19,1,31.79,33.2,1.82,0.18,359.0,3.139
26.98925630639184,82.43736578810805,2022-03-26,0,27.94,29.43,4.39,0.0,96.0,2.658
27.24268105686007,82.05548815119184,2019-04-28,0,34.79,14.41,4.02,0.06,109.0,4.757
27.91459,84.12964,2016-04-24,1,24.72,17.75,2.04,0.0,624.0,2.562
30.126239024722764,84.94053357919417,2019-04-01,0,-15.78,85.26,2.4,3.01,5726.0,0.026
28.53407,81.60802,2023-04-19,1,25.69,36.99,2.06,0.06,848.0,2.08
28.258667262485066,85.07093570113157,2017-03-04,0,-4.9,55.07,2.58,0.0,3130.0,0.191
28.86011088949673,89.14845335562552,2025-04-02,0,1.63,37.02,3.84,0.0,4189.0,0.433
27.74575,85.05508,2025-04-04,1,25.44,17.56,2.17,0.0,691.0,2.681
28.46365,84.93532,2017-12-26,1,-5.55,41.63,1.8,0.0,2529.0,0.236
28.64621560156268,82.82115435537764,2024-04-10,0,8.23,38.44,1.92,0.01,3081.0,0.671
27.60116183673599,87.36567569863577,2023-04-16,0,13.05,51.86,2.01,0.17,1426.0,0.723
30.46125428559733,82.11898973686702,2019-03-25,0,-11.99,95.82,3.62,1.18,5177.0,0.01
28.94449,80.15707,2017-04-02,1,29.98,17.89,2.94,0.02,226.0,3.48
29.0733,82.57658,2015-12-27,1,5.49,42.25,1.23,0.0,3088.0,0.521
26.91693,86.43793,2021-03-24,1,25.87,26.28,4.03,0.01,428.0,2.459
27.47069,84.35796,2023-03-10,1,23.27,36.93,1.53,0.0,186.0,1.801
28.302527670636124,82.20264201412212,2014-04-08,0,16.74,42.86,2.21,1.67,1065.0,1.089
28.184755568356582,83.69323514626011,2015-05-24,0,27.1,33.73,1.86,0.75,1414.0,2.377
27.66516,84.75675,2016-04-07,1,28.22,25.99,2.75,0.0,1086.0,2.834
26.87578,86.44812,2022-03-26,1,24.07,32.38,2.57,0.0,367.0,2.026
29.264528157837468,82.55228097134193,2014-05-01,0,1.68,76.77,2.29,4.87,5275.0,0.16
26.447960979047807,84.99291280029675,2023-04-19,0,34.81,18.99,3.28,0.0,67.0,4.507
30.35513138916409,82.9253303040942,2024-04-06,0,-7.02,63.9,5.28,0.0,4656.0,0.13
27.02348263100691,86.14662072504207,2019-03-07,0,18.03,33.58,1.95,0.0,242.0,1.373
27.51969924829693,85.21921208624507,2019-03-12,0,21.39,31.63,2.7,0.0,1312.0,1.742
27.33500462895688,88.99945675669605,2018-03-26,0,4.56,62.13,1.68,4.12,2372.0,0.32
30.19296618119814,80.8309529407161,2021-03-15,0,4.02,41.66,2.0,0.0,3751.0,0.475
27.080041335604744,86.52780624933698,2021-04-07,0,26.49,23.55,1.75,0.04,784.0,2.645
27.259573526467907,82.91508077396114,2021-04-24,0,31.6,22.5,2.12,0.0,87.0,3.602
27.18468538443205,87.2759686313423,2024-03-15,0,20.22,28.22,2.04,0.06,411.0,1.701
26.499175983771533,83.74821760241669,2022-04-15,0,33.23,20.9,3.33,0.8,75.0,4.03
27.94156147195869,89.32429029892495,2016-04-09,0,-0.55,65.56,3.17,0.06,4581.0,0.202
28.801998775401977,85.28797074157252,2021-04-03,0,-12.73,60.53,4.34,0.0,4322.0,0.091
30.061242195676225,83.62727906305517,2018-04-26,0,-2.42,59.83,1.28,0.02,5115.0,0.205
26.84999,86.24672,2016-03-02,1,,,,,158.0,
28.88497,80.15928,2015-05-29,1,34.1,20.41,2.17,1.15,207.0,4.257
27.92680464062536,81.38244635980728,2025-01-10,0,14.83,46.7,0.87,0.0,131.0,0.899
26.66659,86.72385,2017-04-10,1,28.24,15.16,2.66,0.0,251.0,3.252
26.90301230455003,81.15618852797407,2016-04-08,0,32.46,20.66,1.94,0.0,121.0,3.872
27.9429,82.57814,2014-04-27,1,29.02,25.23,2.76,0.39,464.0,2.999
30.042641563472014,88.900243645605,2018-05-19,0,5.21,50.24,3.18,0.01,4513.0,0.44
29.03333,80.26943,2022-04-26,1,31.74,20.0,2.87,0.0,772.0,3.748
26.39514021260369,87.36305217502175,2024-04-26,0,32.01,18.54,2.6,0.0,67.0,3.875
27.659290008803413,80.60972950220152,2024-03-19,0,23.39,24.6,0.96,0.0,142.0,2.169
29.03548307151541,85.03936750733473,2021-03-23,0,-6.87,70.54,3.02,0.0,5250.0,0.108
29.624673130094447,88.13908743996393,2024-04-18,0,3.35,30.44,2.48,0.09,5173.0,0.54
30.32298612962177,86.20774940587009,2024-05-01,0,-2.45,37.39,8.69,0.0,5575.0,0.319
30.09072603219745,87.70782725708041,2024-04-10,0,-6.84,52.8,1.72,0.0,5199.0,0.173
28.43705,81.35915,2023-04-18,1,32.34,27.08,2.07,0.0,206.0,3.534
30.04634263336525,88.18641849126887,2021-04-05,0,-4.58,21.64,3.12,0.06,5244.0,0.341
29.17757,80.28063,2021-04-03,1,24.67,8.11,2.4,0.0,577.0,2.854
27.981768494365227,87.94593294998649,2023-03-23,0,-8.61,84.33,2.36,8.32,4905.0,0.05
27.889780702461163,85.97414673867468,2023-04-18,0,3.47,67.96,2.57,0.0,3351.0,0.251
29.12919081039053,81.14279333736647,2022-04-24,0,24.3,22.61,1.73,0.0,779.0,2.351
27.49511,83.1275,2019-04-23,1,29.24,41.94,2.22,0.77,98.0,2.358
29.56087738759188,81.50024754644991,2021-03-26,0,11.26,31.74,1.88,0.0,3059.0,0.912
26.866718105628927,86.88928440218152,2020-03-09,0,17.12,55.47,2.1,0.0,388.0,0.869
27.64735,85.72327,2020-04-10,1,21.33,35.92,1.75,0.0,988.0,1.626
28.22465,81.83245,2021-03-28,1,28.22,21.15,1.57,0.0,716.0,3.019
28.478881273871146,82.51261548130107,2024-04-18,0,20.17,37.59,2.19,0.0,1774.0,1.475
28.1438,85.00555,2024-01-28,1,5.66,51.8,1.45,0.0,2491.0,0.44
29.16559518331712,81.7550338379563,2023-03-12,0,10.48,71.01,1.33,0.01,2863.0,0.368
29.747127187172527,85.37611560944599,2021-04-01,0,-7.13,45.76,8.13,4.13,5550.0,0.194
28.24102,83.21531,2024-04-17,1,24.39,37.46,2.39,0.0,1016.0,1.91
28.53812,81.56424,2016-04-13,1,24.6,24.15,2.63,0.0,565.0,2.346
29.65235566244252,83.25450180957824,2019-05-31,0,0.19,73.63,1.85,0.52,5334.0,0.163
29.48752371262073,86.28347278325033,2016-04-16,0,-2.29,53.79,4.02,0.13,4945.0,0.239
26.77406875242917,85.2224611611979,2022-07-16,0,30.86,73.91,2.54,0.01,78.0,1.163
28.494339704268192,81.33565572431118,2024-12-20,0,17.73,47.68,1.15,0.0,202.0,1.062
27.69211263580476,82.33161774231382,2021-04-09,0,31.1,11.11,2.61,0.0,161.0,4.016
30.374128460757287,82.52780705427816,2025-04-02,0,-11.25,62.33,4.11,0.0,4825.0,0.097
29.003267585231875,88.66813440011317,2017-04-01,0,3.77,29.49,2.98,1.34,4361.0,0.564
30.02293336108568,84.78346448360854,2023-04-20,0,-6.29,73.99,7.13,0.0,5886.0,0.099
26.96832,87.37037,2023-02-18,1,17.43,54.05,1.35,0.0,442.0,0.915
26.406438167585588,85.75719543287781,2022-04-07,0,29.55,45.47,2.2,0.01,58.0,2.255
29.428390169360668,85.88370311342857,2016-11-23,0,-7.03,45.46,2.79,0.0,4902.0,0.197
28.125407345633047,82.20956475868817,2021-04-11,0,25.62,11.74,2.44,0.0,588.0,2.901
27.36764,84.45566,2025-04-03,1,28.13,12.27,1.75,0.0,412.0,3.341
27.57428140052969,89.16883397388403,2021-04-01,0,1.2,66.94,1.96,1.33,5328.0,0.22
28.46515,80.92274,2023-04-27,1,29.23,39.39,1.76,0.13,151.0,2.46
28.58492,83.46403,2020-11-12,1,5.03,44.52,1.46,0.0,3899.0,0.485
28.695445174279605,87.11481622238736,2016-04-10,0,-3.21,47.22,4.08,0.0,4472.0,0.254
28.547824898006755,81.70469751496356,2020-04-08,0,22.2,41.5,1.98,0.2,530.0,1.566
27.63047,83.21659,2021-04-28,1,33.39,16.61,1.81,0.0,131.0,4.287
28.24568,83.71427,2024-04-27,1,26.87,21.49,2.43,0.05,797.0,2.778
28.40223,84.871,2017-01-19,1,-6.44,38.85,1.69,0.0,3088.0,0.231
28.207627544833915,88.78814816809279,2016-04-19,0,0.58,71.37,3.41,0.65,4771.0,0.182
28.20864,82.0108,2017-04-01,1,31.11,27.24,2.32,1.18,748.0,3.289
27.85897,84.24216,2016-04-03,1,23.34,39.99,1.91,0.0,808.0,1.721
27.517341945709752,80.9245186790624,2021-03-31,0,30.55,10.62,5.02,0.0,141.0,3.914
29.69452,82.12251,2018-01-10,1,5.01,19.54,1.42,0.0,3114.0,0.702
28.93499,80.78508,2023-05-20,1,28.67,36.17,1.4,0.58,1383.0,2.508
28.55722,81.98976,2024-04-04,1,24.04,31.63,2.16,0.0,978.0,2.045
26.635277675614613,84.48304245033268,2024-05-01,0,34.01,10.19,4.28,0.0,74.0,4.78
27.81861,82.79632,2019-05-06,1,27.72,21.55,3.84,0.0,420.0,2.917
27.57820192290616,85.25213716421166,2016-04-29,0,30.12,11.22,2.39,0.0,1762.0,3.793
29.62799,82.07822,2015-11-21,1,8.74,39.02,1.41,0.0,2870.0,0.688
26.78658,86.89858,2016-03-19,1,23.02,30.16,2.14,0.07,127.0,1.964
27.76863,83.704,2021-01-27,1,11.67,33.55,1.47,0.0,1242.0,0.912
29.19794,80.50092,2016-04-24,1,25.74,14.52,1.96,0.0,1499.0,2.829
26.93723111432856,84.98288465544063,2017-04-12,0,29.7,15.23,1.88,0.0,84.0,3.535
27.7074,82.40807,2024-04-04,1,31.89,19.05,3.24,0.0,272.0,3.825
28.88247153619322,81.01558521352834,2024-04-05,0,23.39,27.02,1.47,0.0,956.0,2.099
28.245918287606,82.9669600335028,2025-04-03,0,22.21,19.3,2.01,0.0,2146.0,2.161
30.099382211026832,81.65885961827381,2025-05-07,0,5.24,68.99,1.71,0.52,4699.0,0.275
29.34854974445163,85.60140188162066,2024-04-20,0,-2.26,49.6,4.89,0.0,4933.0,0.261
27.89083,82.99132,2014-04-25,1,24.98,33.93,2.41,1.78,731.0,2.09
29.54885766875376,87.11946927770698,2023-04-11,0,-2.71,41.91,2.93,0.0,5464.0,0.291
29.10244,81.50206,2021-03-11,1,18.99,35.4,1.5,0.01,1012.0,1.419
28.90264,80.60423,2024-05-01,1,25.7,15.57,1.95,0.01,577.0,2.788
29.46993,80.53503,2021-04-11,1,18.63,16.48,2.07,0.0,1582.0,1.793
29.31486,81.44255,2016-02-03,1,5.33,20.68,1.67,0.0,2151.0,0.708
27.14901,87.80476,2016-04-09,1,26.7,23.72,3.45,0.01,1170.0,2.672
29.14497,81.1666,2019-05-09,1,27.02,20.5,1.91,0.0,988.0,2.838
26.33195421533944,83.20044412315721,2025-04-12,0,29.81,41.26,1.6,0.32,77.0,2.465
28.72836,80.87054,2023-05-08,1,30.62,32.37,1.65,0.08,205.0,2.973
29.53409673235316,82.51766811852391,2019-04-03,0,-2.09,72.75,2.14,0.0,4341.0,0.143
28.6906,82.33283,2022-04-18,1,19.51,33.79,2.31,0.01,1930.0,1.502
27.06675743476508,85.00277439180013,2021-03-22,0,27.82,19.5,2.39,0.0,102.0,3.011
28.94852,81.11337,2016-04-30,1,26.2,14.99,1.49,0.0,1308.0,2.892
26.918290263271004,85.18856800106083,2024-03-15,0,25.54,25.71,2.42,0.0,89.0,2.43
27.56973203994609,83.00300122242179,2016-04-09,0,32.81,13.87,3.71,0.0,102.0,4.287
30.07039105616678,84.90062902783554,2025-01-19,0,-14.41,80.26,4.55,0.0,6001.0,0.039
29.07191,80.16769,2018-05-10,1,29.77,28.33,2.22,0.03,637.0,3.001
28.389651020365537,88.80951188997591,2024-04-27,0,-0.66,54.81,4.1,0.0,5123.0,0.263
27.61072,83.69698,2017-04-09,1,28.53,20.72,3.1,0.14,146.0,3.09
29.591115283264507,89.08950183558203,2016-04-10,0,2.53,30.31,3.76,0.0,4023.0,0.511
28.94852,81.11757,2021-04-04,1,20.41,10.38,1.6,0.0,1176.0,2.149
28.91125,81.12972,2022-04-25,1,25.11,23.72,1.68,0.0,817.0,2.432
27.231937310743053,82.66966245967508,2018-05-07,0,35.94,26.35,2.57,0.15,93.0,4.361
26.82753645018162,88.66057539474022,2021-04-05,0,19.36,30.36,1.28,0.07,138.0,1.565
28.76163578176704,84.89284882146201,2019-04-29,0,-1.29,62.3,2.32,7.89,5335.0,0.21
28.7902,81.27114,2019-05-09,1,27.02,20.5,1.91,0.0,461.0,2.838
28.29152,83.84978,2021-04-12,1,8.46,32.4,1.77,0.0,1381.0,0.748
28.26313,81.78493,2019-04-21,1,21.69,50.92,1.52,3.02,461.0,1.273
28.03942613610145,82.64861795011755,2021-04-27,0,28.44,20.5,2.42,0.0,1387.0,3.083
27.330345700711533,80.90290493280501,2024-04-08,0,29.66,12.64,2.34,0.0,131.0,3.635
28.89473,81.30138,2022-04-26,1,26.16,25.0,1.91,0.09,1605.0,2.545
26.938094876454784,86.84866597594247,2023-01-16,0,10.83,63.67,1.43,0.0,1692.0,0.472
28.62239,81.30376,2021-04-16,1,32.03,17.32,2.07,0.0,390.0,3.938
28.163244265231544,82.9882152341772,2025-04-07,0,23.51,28.33,1.99,0.0,1222.0,2.076
30.149106779519585,80.89898309134206,2021-03-24,0,2.86,58.83,2.04,0.72,4604.0,0.309
28.03193,84.04131,2014-04-25,1,25.45,32.19,2.12,3.35,761.0,2.206
26.81224054142229,82.41160687620872,2023-03-28,0,26.07,37.07,2.41,0.0,93.0,2.124
27.5499,84.43826,2024-03-13,1,23.72,31.41,2.17,0.0,183.0,2.013
29.12628,80.94241,2025-04-02,1,20.85,20.94,1.61,0.0,2190.0,1.948
28.3830331355875,86.29796492919564,2024-04-20,0,-2.71,60.57,3.83,0.03,5625.0,0.197
28.83084174965528,83.42912258083997,2024-03-12,0,-6.23,72.49,1.86,0.0,4878.0,0.105
27.60690182859618,84.3702598351015,2021-04-12,0,29.84,10.76,2.16,0.0,186.0,3.752
28.17688,83.82615,2021-04-07,1,23.73,21.96,1.94,0.02,1644.0,2.291
27.93708,82.7123,2016-04-13,1,26.92,19.53,3.72,0.0,808.0,2.856
28.69222,82.77328,2014-04-11,1,16.19,33.29,1.94,0.0,2726.0,1.228
26.560225744624383,82.22528820764565,2022-06-10,0,38.31,24.46,2.85,0.0,99.0,5.089
29.59481316266164,83.04260497315543,2017-04-01,0,-3.03,72.86,4.2,3.96,5538.0,0.133
29.19028,80.28053,2021-04-01,1,25.39,8.03,3.78,0.0,614.0,2.982
28.07696,82.11042,2019-05-07,1,32.07,18.01,3.44,0.0,865.0,3.914
29.03824,80.68936,2025-04-23,1,27.21,22.36,1.51,0.0,1746.0,2.802
28.8065,80.84814,2016-04-13,1,26.57,21.99,1.95,0.0,532.0,2.712
27.48462,83.89761,2014-03-19,1,25.92,35.44,2.11,0.0,430.0,2.16
28.17439022003605,85.79436926518972,2016-04-08,0,10.36,43.5,2.37,0.0,5408.0,0.711
26.82851289592294,84.42990401990339,2023-05-10,0,31.84,19.63,3.24,0.0,78.0,3.787
27.41677,85.12981,2024-04-21,1,28.47,19.95,2.99,0.0,587.0,3.11
26.857111772072773,81.90809996616204,2016-03-21,0,29.28,19.61,5.03,0.0,101.0,3.273
27.49511,83.52827,2019-04-19,1,28.4,33.7,2.38,0.38,107.0,2.565
29.29136,80.45668,2021-04-02,1,15.06,13.09,2.12,0.0,1500.0,1.488
29.23414,80.45419,2022-04-26,1,28.64,22.19,1.75,0.01,2330.0,3.053
29.06643196320554,89.31148484298508,2016-04-21,0,4.94,41.78,3.65,0.52,4051.0,0.506
27.38616,84.73137,2021-03-28,1,24.72,25.18,1.66,0.0,465.0,2.331
28.75334,82.717,2016-04-11,1,9.68,45.64,1.94,0.0,3106.0,0.653
28.25941,81.42393,2019-05-19,1,31.52,32.82,1.76,0.01,162.0,3.109
27.62750692707496,84.3522246278235,2014-04-20,0,29.89,25.34,2.23,0.0,190.0,3.148
30.48392498705981,84.5102700614434,2017-03-09,0,-14.53,70.64,8.79,2.37,5357.0,0.058
27.95424637269783,84.40109110145369,2016-03-28,0,21.39,38.8,1.57,7.52,685.0,1.559
28.55261890643433,80.06478456681644,2020-04-10,0,27.49,40.01,1.82,0.0,187.0,2.201
27.68097,82.52821,2016-03-28,1,29.14,24.96,2.88,0.13,209.0,3.03
26.8158323991513,89.06541763100714,2015-12-02,0,12.07,81.67,0.3,0.0,192.0,0.258
28.958635628547505,82.48854139428519,2017-03-03,0,1.68,59.03,1.6,0.0,2713.0,0.283
28.61043943300133,87.7032260536773,2021-04-10,0,-4.19,38.14,3.4,0.16,4544.0,0.277
28.3605,81.64096,2023-06-08,1,28.45,32.47,1.67,0.17,637.0,2.62
30.21593653952186,85.2515440442039,2024-04-07,0,-8.64,66.98,5.07,0.0,5724.0,0.105
26.662444503813976,85.89928317951744,2024-05-01,0,34.23,11.05,4.28,0.0,70.0,4.792
26.88490327438312,85.570488002172,2014-04-26,0,33.03,17.09,1.42,0.06,88.0,4.178
29.13978572673557,85.62441439569945,2021-03-06,0,-9.05,56.25,3.87,1.06,5428.0,0.135
28.25413,82.01997,2024-04-13,1,23.41,34.09,1.68,0.03,926.0,1.898
26.70357054781124,81.66201562198421,2021-04-02,0,27.9,7.17,2.4,0.0,110.0,3.489
28.08019340443888,81.42979992669974,2021-02-19,0,21.41,27.45,1.36,0.06,149.0,1.85
28.19502,81.95211,2017-04-12,1,29.3,19.19,2.16,0.0,770.0,3.294
27.50484303827869,83.67353219843287,2016-04-30,0,34.01,10.84,2.97,0.0,111.0,4.745
30.269488698206,84.49284630548134,2016-04-30,0,-6.51,66.56,2.36,0.0,4942.0,0.125
28.61105,82.20216,2015-06-05,1,22.32,43.94,2.05,0.0,1025.0,1.511
28.9016,80.14437,2025-03-28,1,27.1,22.14,2.85,0.0,213.0,2.792
26.620336513280733,84.5807493362561,2016-04-27,0,35.46,16.09,3.22,0.0,77.0,4.839
30.3300804657818,88.68951872572993,2016-01-16,0,-15.7,30.81,3.72,0.0,5567.0,0.124
26.74988689706688,80.33847675666172,2025-04-02,0,28.54,13.35,1.97,0.0,130.0,3.38
27.8969,82.75933,2024-04-20,1,28.99,19.75,4.14,0.0,629.0,3.213
29.03123,81.12782,2018-04-22,1,23.21,25.84,1.69,0.0,1030.0,2.11
27.35625,85.74818,2016-04-29,1,26.35,14.35,2.27,0.0,1091.0,2.939
29.41787,82.03557,2025-02-02,1,3.08,39.33,1.63,0.0,2772.0,0.462
27.17511,87.22246,2024-04-10,1,22.46,32.92,1.87,0.05,864.0,1.824
27.284,85.34881,2024-04-09,1,21.37,22.33,1.92,0.0,529.0,1.976
27.189791979003736,84.41032549031877,2025-05-13,0,34.26,33.87,2.31,0.34,94.0,3.569
29.07028,81.50639,2024-04-10,1,21.9,20.73,1.6,0.0,1116.0,2.083
27.51792,84.29238,2024-04-08,1,28.38,18.45,2.22,0.0,201.0,3.151
28.49864836306023,82.55123344564835,2016-04-25,0,18.83,20.68,2.38,0.0,2184.0,1.725
29.1902,80.40347,2016-04-16,1,30.0,19.24,1.6,0.0,1268.0,3.427
28.13819,83.11842,2019-05-09,1,26.91,23.48,3.07,0.0,1318.0,2.714
27.71435,83.48811,2017-05-04,1,31.4,33.77,2.23,2.91,697.0,3.044
26.75783727582481,81.79704062066908,2014-05-20,0,36.57,16.53,4.39,0.0,106.0,5.116
27.22763,86.18475,2024-04-17,1,,,,,1085.0,
30.078043238802085,86.79753837648052,2016-04-14,0,-5.32,45.4,4.95,0.01,5292.0,0.224
27.42183,84.4939,2016-03-20,1,27.56,25.77,1.7,0.0,367.0,2.735
29.438444344765184,88.9180182396923,2025-03-14,0,-3.25,39.29,3.68,0.03,4363.0,0.292
30.24014996234121,80.88559781303087,2016-04-24,0,6.55,34.52,2.19,0.07,4873.0,0.636
28.54541,81.52616,2016-04-29,1,32.69,11.45,2.63,0.0,607.0,4.377
28.12715,83.01001,2014-05-24,1,27.55,32.61,1.84,3.88,1357.0,2.481
28.73954,81.98425,2019-06-17,1,28.08,41.19,2.19,0.16,1290.0,2.233
26.95623,87.53519,2025-04-02,1,21.96,37.44,1.64,0.0,597.0,1.65
28.23926,82.60303,2023-06-03,1,28.4,38.12,2.42,0.01,1430.0,2.394
27.51312,82.952,2022-04-22,1,32.07,32.24,2.39,0.74,98.0,3.235
28.33166,81.7694,2014-04-21,1,23.64,30.91,2.06,0.0,648.0,2.017
29.25776,80.30869,2016-03-28,1,18.12,44.12,1.97,0.0,704.0,1.162
30.145054427196808,80.9400272139137,2016-03-03,0,-3.81,78.98,1.78,0.02,4682.0,0.097
27.7768,82.34998,2024-04-06,1,25.6,28.66,2.92,0.0,685.0,2.342
27.31871540648716,86.02267118967741,2019-05-08,0,18.65,30.89,2.21,0.0,585.0,1.486
27.82106,84.7215,2024-04-25,1,19.2,27.12,1.97,0.0,638.0,1.622
27.01106,86.26519,2025-03-27,1,25.09,36.93,1.61,0.0,284.0,2.009
28.35599,83.58643,2018-04-24,1,8.79,50.05,1.84,0.03,1887.0,0.565
29.18457893101888,83.26878737722247,2014-04-24,0,-0.95,69.72,2.26,0.13,4823.0,0.173
28.8883,80.2291,2023-04-18,1,31.36,32.68,2.37,0.0,207.0,3.087
29.75115,81.9157,2025-04-02,1,-1.88,41.07,2.25,0.0,2803.0,0.314
